id,viewCount,furnitureId,userId
1,7,50918687,2
2,8,50807783,2
3,12,16968018,2
4,2,54283665,2
5,5,54376747,2
6,6,53655408,2
7,7,50394284,2
8,8,54219903,2
9,9,53500247,2
10,6,53375496,2
11,10,54454189,2
12,6,54455139,2
13,4,50493022,2
14,13,54174122,3
15,8,54607723,3
16,7,50364584,3
17,10,50726870,3
18,9,54440207,3
19,5,54660183,3
20,1,50638754,3
21,2,53729590,3
22,1,54645044,3
23,2,51062069,3
24,3,53297817,3
25,4,53529832,3
26,8,54214648,3
27,6,50918687,3
28,7,50807783,3
29,9,54456675,3
30,5,53729591,3
31,5,51087844,3
32,1,53678162,3
33,2,54538738,3
34,3,52966846,3
35,4,53511272,3
36,8,54633923,3
37,6,53484363,3
38,7,53496428,3
39,9,21494310,3
40,5,53022890,3
41,2,53484885,3
42,9,53141281,3
43,1,53632433,3
44,8,51578740,3
45,9,53273967,3
46,6,54424368,3
47,10,54573481,3
48,6,54196248,3
49,4,17324780,3
50,13,50638754,3
51,8,53729590,3
52,7,54645044,3
53,10,51062069,3
54,9,53297817,3
55,8,77282101,4
56,9,77382050,4
57,6,53832942,4
58,10,53375496,4
59,6,54454189,4
60,4,54455139,4
61,13,54376747,4
62,8,50493022,4
63,7,53290703,4
64,10,54440054,4
65,9,50980467,4
66,5,54615054,4
67,1,77283122,4
68,2,54660183,4
69,3,53782164,4
70,4,53815288,4
71,8,52537571,4
72,7,54346248,4
73,8,77389097,5
74,12,53380312,5
75,7,54615055,5
76,8,14579528,5
77,12,11253877,5
78,2,53375496,5
79,5,54454189,5
80,6,50638754,5
81,7,53729590,5
82,8,54645044,5
83,9,51062069,5
84,6,53297817,5
85,10,53529832,5
86,6,54214648,5
87,4,50918687,5
88,13,50807783,5
89,8,16968018,5
90,7,75662082,6
91,10,51600068,6
92,9,50493022,6
93,5,53290703,6
94,1,54440054,6
95,2,50980467,6
96,3,54615054,6
97,4,77283122,6
98,8,54660183,6
99,6,54456675,6
100,7,53729591,6
101,9,51087844,6
102,5,53678162,6
103,2,54538738,6
104,4,52966846,6
105,6,53511272,6
106,5,54633923,6
107,9,53484363,6
108,1,53496428,6
109,8,21494310,6
110,9,52651635,6
111,6,76386053,6
112,10,53135072,6
113,6,53429924,6
114,4,54491488,6
115,13,53483588,6
116,8,54215083,6
117,7,54491431,6
118,10,53295489,6
119,9,51087807,6
120,5,53691215,6
121,1,54153739,6
122,2,52386972,6
123,3,53375496,6
124,4,13716336,6
125,8,53375496,7
126,6,15623404,7
127,7,54149136,7
128,9,53815309,7
129,5,50072189,7
130,2,53696715,7
131,4,53291575,7
132,6,53295568,7
133,5,53717178,7
134,9,54299138,7
135,1,77284059,7
136,7,53135081,7
137,8,53678078,8
138,12,53465610,8
139,2,54416133,8
140,5,77287555,8
141,6,15672247,8
142,7,50638754,8
143,8,53729590,8
144,9,54645044,8
145,6,51062069,8
146,10,53297817,8
147,6,77393533,9
148,4,15672496,9
149,13,54617413,9
150,8,77522688,9
151,7,51234748,9
152,10,53429943,9
153,9,53429924,9
154,5,54561916,9
155,1,52662678,9
156,2,54659308,9
157,3,13769122,9
158,4,51238886,9
159,8,77283122,9
160,6,54660183,9
161,7,54456675,9
162,9,53729591,9
163,5,51087844,9
164,5,53678162,9
165,1,54538738,9
166,2,52966846,9
167,3,53511272,9
168,4,54633923,9
169,8,53484363,9
170,6,53496428,9
171,7,21494310,9
172,9,53022890,9
173,5,53484885,9
174,2,53141281,9
175,4,53632433,9
176,6,51578740,9
177,5,53273967,9
178,7,54424368,9
179,8,54573481,9
180,12,54196248,9
181,2,17324780,9
182,5,53782164,9
183,6,53815288,9
184,7,52537571,9
185,8,54346248,9
186,9,54278289,9
187,6,50395530,9
188,10,50918566,9
189,6,50942582,9
190,4,53275750,9
191,13,54378424,9
192,8,54436939,9
193,7,50585494,9
194,10,54452593,9
195,9,53861130,9
196,5,52800737,9
197,1,53595062,9
198,2,77287413,9
199,3,50373674,9
200,4,54174961,9
201,8,49164940,9
202,6,54283662,9
203,7,52651635,9
204,9,76386053,9
205,5,77386661,10
206,2,14137991,10
207,4,10692202,10
208,6,50726847,10
209,5,53839693,10
210,9,53119443,10
211,1,53295489,10
212,8,51087807,10
213,9,53691215,10
214,6,54153739,10
215,10,52386972,10
216,6,13769122,10
217,4,51238886,10
218,13,53375496,10
219,8,14137991,10
220,7,54454189,10
221,10,54455139,10
222,9,11238603,10
223,5,11623667,10
224,1,53291575,10
225,2,53295568,10
226,3,53717178,10
227,4,53479259,11
228,8,77394172,11
229,6,11940409,11
230,7,54456258,11
231,9,53661016,11
232,5,53335778,11
233,2,50081903,11
234,4,53528779,11
235,6,54283652,11
236,5,53375496,11
237,9,77394172,11
238,1,54454189,11
239,7,54455139,11
240,8,11238603,11
241,12,54278289,12
242,2,50395530,12
243,5,50918566,12
244,6,53729591,12
245,7,51087844,12
246,8,54196248,12
247,9,17324780,12
248,6,53632433,12
249,10,51578740,12
250,6,53375496,12
251,4,54454189,12
252,13,54455139,12
253,8,50807783,12
254,7,16968018,12
255,10,54283665,12
256,9,54376747,12
257,5,50493022,12
258,1,53135120,13
259,2,53418285,13
260,3,50550494,13
261,4,54454189,13
262,8,53375496,13
263,7,54660183,13
264,8,52479218,13
265,12,54221303,13
266,2,54458982,13
267,5,76386059,14
268,6,54571902,14
269,7,54266033,14
270,8,50693399,14
271,9,53295459,14
272,6,50536371,14
273,10,50988459,14
274,6,54572276,15
275,4,52565545,15
276,13,52070940,15
277,8,51087844,15
278,7,53678162,15
279,10,54538738,15
280,9,52966846,15
281,5,53511272,15
282,1,54633923,15
283,2,53484363,15
284,3,53496428,15
285,4,14500158,16
286,8,54153814,16
287,6,53479345,16
288,7,53141281,16
289,9,53632433,16
290,5,51578740,16
291,2,53273967,16
292,4,54424368,16
293,6,54573481,16
294,5,54196248,16
295,9,17324780,16
296,1,54293522,16
297,8,54599702,16
298,9,53380311,16
299,6,54607714,17
300,10,14092185,17
301,6,54455139,17
302,4,11238603,17
303,13,54628055,17
304,8,53640512,17
305,7,53691312,17
306,10,77353931,17
307,9,54358427,17
308,5,54158110,17
309,1,53669331,17
310,2,53539988,17
311,3,54346046,17
312,4,51087977,17
313,8,50947547,17
314,6,53487865,17
315,7,54444284,17
316,9,53398565,17
317,5,54539628,17
318,2,77386660,17
319,4,54163670,17
320,6,54018430,18
321,5,53290113,18
322,9,53197636,18
323,1,50675938,18
324,7,54312714,18
325,8,54148874,18
326,12,54454189,18
327,2,54455139,18
328,5,53224267,18
329,6,53844124,18
330,7,52733591,18
331,8,52808695,18
332,9,50482840,18
333,6,54645037,18
334,10,53295600,18
335,6,50066230,18
336,4,53375496,18
337,13,54559336,18
338,8,53429943,18
339,7,53566056,18
340,10,53629664,18
341,9,15227423,18
342,5,50943026,18
343,1,10814181,18
344,2,52962301,18
345,3,52799544,18
346,4,77387470,18
347,8,54570918,18
348,6,53655655,18
349,7,54571910,18
350,9,53595178,18
351,5,14360060,18
352,5,52608975,18
353,1,50256426,18
354,2,54250301,18
355,3,52357117,18
356,4,53487857,18
357,8,54417385,18
358,6,53936970,18
359,7,53813462,18
360,9,53460310,18
361,5,15710829,18
362,2,53297852,18
363,4,76611962,18
364,6,53291053,18
365,5,77278892,18
366,9,54299079,18
367,1,54254802,18
368,8,54571907,18
369,9,50726935,18
370,6,52215798,18
371,10,54386631,18
372,6,17141773,19
373,4,77386578,19
374,13,54164005,19
375,8,51987194,19
376,7,53482073,19
377,10,53291681,19
378,9,51548450,19
379,5,53654409,19
380,1,53291041,19
381,2,50482932,19
382,3,54454189,19
383,4,54607103,19
384,8,53135062,19
385,6,53657852,19
386,7,53443363,19
387,9,17302890,19
388,5,54629668,19
389,2,54256789,19
390,4,53544680,19
391,6,53640512,19
392,5,53848197,19
393,9,44366386,19
394,1,50391326,19
395,7,54607683,19
396,8,49135609,19
397,12,53710875,19
398,2,54408513,19
399,5,53043750,19
400,6,53291575,19
401,7,53295568,19
402,8,53717178,19
403,9,54299138,19
404,6,77284059,19
405,10,53135081,19
406,6,53835789,19
407,4,77568877,19
408,13,53335778,19
409,8,50081903,19
410,7,53528779,19
411,10,54283652,19
412,9,53655103,19
413,5,50944444,19
414,1,54661152,19
415,2,54305547,19
416,3,54640653,19
417,4,53661026,19
418,8,54572273,19
419,7,53135107,19
420,8,54628096,19
421,12,52651635,19
422,2,76386053,19
423,5,53135072,19
424,6,53429924,19
425,7,54491488,19
426,8,53483588,19
427,9,54215083,19
428,6,54491431,19
429,10,53295489,19
430,6,51087807,19
431,4,53691215,19
432,13,54153739,19
433,8,52386972,19
434,7,50240628,20
435,10,54439838,20
436,9,54454189,20
437,5,54458961,20
438,1,10814181,20
439,2,53815309,20
440,3,50072189,20
441,4,53696715,20
442,8,50947296,20
443,6,50988411,20
444,7,17341366,20
445,9,54617413,20
446,5,53517049,20
447,2,54346206,20
448,4,53219153,20
449,6,14518589,20
450,5,51578626,20
451,9,53639309,20
452,1,50053098,20
453,8,15672492,20
454,9,53815331,20
455,6,54607501,21
456,10,76791903,21
457,6,77391200,21
458,4,53358922,21
459,13,10692202,21
460,8,54456798,21
461,7,54139607,21
462,10,50727040,22
463,9,77386569,22
464,5,53529832,22
465,1,53380311,22
466,2,54156112,22
467,3,53721838,22
468,4,50944195,22
469,8,52799476,22
470,6,15040330,22
471,7,49131690,23
472,9,53676838,23
473,5,77353931,23
474,2,54358427,23
475,4,54158110,23
476,6,52652169,24
477,5,53539988,24
478,9,54346046,24
479,1,51087977,24
480,7,50947547,24
481,8,15672488,24
482,12,15672488,25
483,2,54627842,25
484,5,53522680,25
485,6,53732543,25
486,7,54408789,25
487,8,54564491,25
488,9,53640453,25
489,6,53529832,25
490,10,54214648,25
491,6,50918687,25
492,4,50807783,25
493,13,16968018,25
494,8,54283665,25
495,7,54376747,25
496,10,50493022,25
497,9,53290703,25
498,5,54440054,25
499,1,50980467,25
500,2,54615054,25
501,3,77283122,25
502,4,54660183,25
503,8,54456675,25
504,6,53729591,25
505,7,51087844,25
506,9,53479511,26
507,5,54538738,26
508,5,52966846,26
509,1,53511272,26
510,2,54633923,26
511,3,53484363,26
512,4,54607501,27
513,8,50727040,27
514,6,77386569,27
515,7,53529832,27
516,9,49131690,27
517,5,53676838,27
518,2,52652169,27
519,4,53273967,27
520,6,54424368,27
521,5,54573481,27
522,9,54196248,27
523,1,17324780,27
524,8,50947296,27
525,9,53418285,28
526,6,50550494,28
527,10,76386059,28
528,6,54571902,28
529,4,54346206,28
530,13,53219153,28
531,8,14518589,28
532,7,51578626,28
533,10,53639309,28
534,9,50053098,28
535,5,15672492,28
536,1,53815331,28
537,2,53710881,28
538,3,76791903,28
539,4,77389097,29
540,8,53380312,29
541,6,54615055,29
542,7,14579528,29
543,9,17141773,29
544,5,77386578,29
545,2,52651635,29
546,4,76386053,29
547,6,53135072,29
548,5,53429924,29
549,9,54491488,29
550,1,53483588,29
551,7,54215083,29
552,8,54491431,29
553,12,53295489,29
554,2,51087807,29
555,5,53691215,29
556,6,54153739,29
557,7,52386972,29
558,8,51600068,29
559,9,13716336,29
560,6,52805393,29
561,10,54666015,29
562,6,54149136,29
563,4,53815309,30
564,13,50072189,30
565,8,53696715,30
566,7,54559336,30
567,10,53429943,30
568,9,53566056,30
569,5,53629664,30
570,1,75662082,31
571,2,51600068,31
572,3,11238603,31
573,4,50236657,31
574,8,53352719,31
575,8,77387470,31
576,6,54570918,31
577,7,53655655,31
578,9,54571910,31
579,5,53595178,31
580,5,14360060,31
581,1,52608975,31
582,2,50256426,31
583,3,54607501,32
584,4,77348382,32
585,8,53612167,32
586,6,54417385,32
587,7,53936970,32
588,9,53813462,32
589,5,53460310,32
590,2,15710829,32
591,4,53297852,32
592,6,76611962,32
593,5,54219903,33
594,9,53500247,33
595,1,54174122,33
596,8,54456690,33
597,9,54214648,33
598,6,54157487,33
599,10,54157587,33
600,6,54386631,33
601,4,54440308,33
602,13,53699169,33
603,8,54300643,33
604,7,51987194,33
605,10,53482073,33
606,9,53291681,33
607,5,51548450,33
608,1,53654409,33
609,2,53291041,33
610,3,50482932,33
611,4,54454189,33
612,8,54607103,33
613,6,53135062,33
614,7,53657852,33
615,9,53443363,33
616,5,17302890,33
617,2,54629668,33
618,4,54256789,33
619,6,54312714,34
620,5,54148874,34
621,9,17141773,34
622,1,77386578,34
623,7,50675988,34
624,8,51619256,34
625,12,77386654,34
626,2,54453150,34
627,5,53375496,34
628,6,53043750,34
629,7,53291575,34
630,8,53295568,34
631,9,53717178,34
632,6,54299138,34
633,10,77284059,34
634,6,53135081,34
635,4,53835789,34
636,13,77568877,34
637,8,53335778,34
638,7,50081903,34
639,7,53528779,34
640,8,54283652,34
641,12,53655103,34
642,2,50944444,34
643,5,54661152,34
644,6,54305547,34
645,7,54640653,34
646,8,53661026,34
647,9,54572273,34
648,6,53135107,34
649,10,53839693,35
650,6,53119443,35
651,4,53479259,35
652,13,77394172,35
653,8,11238603,35
654,7,53487939,35
655,10,50985688,35
656,9,52399947,35
657,5,54591835,35
658,1,54312239,35
659,2,54658860,35
660,3,53479086,35
661,4,50943385,35
662,8,77357296,35
663,6,50351575,35
664,7,53487780,35
665,9,53629742,35
666,5,53654440,35
667,2,53495403,35
668,4,54628013,35
669,6,13769122,36
670,5,51238886,36
671,9,77386661,36
672,1,14137991,36
673,8,53529832,36
674,9,49131690,36
675,6,53542162,36
676,10,54572269,36
677,6,51114973,36
678,4,52367488,36
679,13,54662151,36
680,8,77386578,36
681,7,16511328,36
682,10,51548589,36
683,9,53026851,36
684,5,54256079,36
685,1,77348431,36
686,2,53375496,36
687,3,54301777,36
688,4,52174460,36
689,8,54163378,37
690,6,53636769,37
691,7,53702517,37
692,9,53398565,37
693,5,54539628,37
694,2,77386660,37
695,4,54163670,37
696,6,53291644,37
697,5,54615049,37
698,9,53489000,38
699,1,52479280,38
700,7,54571020,38
701,8,53936940,38
702,12,50496067,38
703,2,50501628,38
704,5,53224267,38
705,6,53844124,38
706,7,52733591,38
707,8,52808695,38
708,9,50482840,38
709,6,54645037,38
710,10,53295600,38
711,6,50066230,38
712,4,53197636,38
713,13,52479218,38
714,8,54221303,38
715,7,54458982,38
716,10,54018431,38
717,9,53636769,39
718,5,53489000,39
719,1,50693399,39
720,2,53295459,39
721,3,50536371,39
722,4,50988459,39
723,8,50727040,39
724,6,53782164,40
725,7,53815288,40
726,9,52537571,40
727,5,54346248,40
728,5,54278289,40
729,1,50395530,40
730,2,50918566,40
731,3,50942582,40
732,4,53275750,40
733,8,54378424,40
734,6,54436939,40
735,7,50585494,40
736,9,54452593,40
737,5,53861130,40
738,2,52800737,40
739,4,53595062,40
740,6,77287413,40
741,5,50373674,40
742,9,54174961,40
743,1,49164940,40
744,8,54283662,41
745,9,54293522,41
746,6,54599702,41
747,10,53380311,41
748,6,54156112,41
749,4,53721838,41
750,13,50944195,41
751,8,52799476,41
752,7,15040330,41
753,10,53487778,41
754,9,50326886,41
755,5,77353931,41
756,1,54358427,41
757,2,54158110,41
758,3,53669331,42
759,4,53539988,42
760,8,54346046,42
761,6,51087977,42
762,7,50947547,42
763,9,53487865,42
764,5,54444284,42
765,2,54220145,42
766,4,50947296,42
767,6,50988411,42
768,5,17341366,42
769,9,54617413,42
770,1,53517049,42
771,7,54346206,43
772,8,53219153,43
773,12,14518589,43
774,2,51578626,44
775,5,53639309,44
776,6,50053098,44
777,7,15672492,44
778,8,53815331,44
779,9,53710881,44
780,6,76791903,45
781,10,77391200,45
782,6,53358922,45
783,4,10692202,46
784,13,54456798,46
785,8,54139607,46
786,7,53644399,46
787,10,52651635,46
788,9,76386053,46
789,5,53135072,46
790,1,53429924,46
791,2,54491488,46
792,3,53483588,46
793,4,54215083,46
794,8,54491431,46
795,7,53295489,46
796,8,51087807,46
797,12,53691215,46
798,2,54153739,47
799,5,52386972,47
800,6,51600068,47
801,7,13716336,47
802,8,52805393,47
803,9,54666015,47
804,6,54149136,47
805,10,53815309,47
806,6,50072189,47
807,4,53696715,47
808,13,50638754,48
809,8,53729590,48
810,7,54645044,48
811,10,51062069,49
812,9,53297817,49
813,5,53529832,49
814,1,54214648,49
815,2,50918687,49
816,3,50807783,50
817,4,16968018,50
818,8,54283665,50
819,6,54376747,50
820,7,50493022,50
821,9,53290703,50
822,5,54440054,50
823,2,50980467,50
824,4,54615054,50
825,6,77283122,51
826,5,54660183,51
827,9,54194539,51
828,1,52509899,51
829,8,54537745,51
830,9,53291293,51
831,6,53542162,51
832,10,54572269,51
833,6,51114973,51
834,4,52367488,52
835,13,54662151,52
836,8,77386578,52
837,7,16511328,52
838,10,51548589,52
839,9,53026851,52
840,5,54256079,52
841,1,77348431,52
842,2,77386661,52
843,3,54301777,53
844,4,52174460,53
845,8,54163378,54
846,6,53636769,54
847,7,53702517,55
848,9,53398565,56
849,5,54539628,57
850,2,77386660,57
851,4,54163670,80
852,6,53291644,58
853,5,54615049,58
854,9,53489000,59
855,1,52479280,60
856,7,54571020,61
857,8,53936940,61
858,12,50496067,61
859,2,50501628,62
860,5,53224267,62
861,6,53844124,62
862,7,52733591,62
863,8,52808695,62
864,9,50482840,62
865,6,54645037,62
866,10,53295600,62
867,6,50066230,62
868,4,53197636,63
869,13,54559336,63
870,8,53429943,63
871,7,53566056,63
872,10,53629664,63
873,9,15227423,64
874,5,50943026,64
875,1,10814181,64
876,2,52962301,65
877,3,52799544,65
878,4,77387470,65
879,8,54570918,66
880,6,53655655,67
881,7,54571910,67
882,9,53595178,67
883,5,14360060,67
884,5,52608975,68
885,1,50256426,68
886,2,54250301,69
887,3,52357117,70
888,4,53487857,70
889,8,54417385,70
890,6,50638754,70
891,7,53729590,70
892,9,54645044,70
893,5,51062069,71
894,2,53297817,71
895,4,53529832,71
896,6,54214648,71
897,5,50918687,71
898,9,50807783,72
899,1,16968018,72
900,8,54283665,72
901,9,54376747,72
902,6,50493022,72
903,10,53290703,73
904,6,54440054,73
905,4,50980467,73
906,13,54615054,73
907,8,77283122,74
908,7,54660183,74
909,10,54456675,74
910,9,53729591,74
911,5,51087844,75
912,1,53678162,75
913,2,54538738,75
914,3,52966846,75
915,4,53511272,76
916,8,54633923,77
917,6,53484363,78
918,7,53496428,78
919,9,21494310,79
920,5,53022890,80
921,2,53484885,81
922,4,53141281,82
923,6,53632433,83
924,5,51578740,83
925,9,53273967,83
926,1,54424368,84
927,7,54573481,84
928,8,54196248,84
929,12,17324780,84
930,2,53782164,84
931,5,53815288,84
932,6,52537571,85
933,7,54346248,85
934,8,54278289,85
935,9,50395530,85
936,6,50918566,86
937,10,50942582,86
938,6,53275750,86
939,4,54378424,86
940,13,54436939,86
941,8,50585494,86
942,7,54293522,86
943,10,54599702,86
944,9,53380311,86
945,5,54156112,86
946,1,53721838,86
947,2,50944195,87
948,3,52799476,87
949,4,15040330,87
950,8,53487778,88
951,8,50326886,88
952,6,77353931,88
953,7,54358427,88
954,9,54158110,88
955,5,53669331,89
956,5,53539988,89
957,1,54346046,89
958,2,51087977,89
959,3,50947547,89
960,4,53487865,90
961,8,54444284,90
962,6,54220145,90
963,7,50947296,90
964,9,50988411,90
965,5,17341366,90
966,2,54617413,90
967,4,53517049,90
968,6,54346206,90
969,5,53219153,90
970,9,14518589,90
971,1,51578626,90
972,8,53639309,90
973,9,50053098,90
974,6,53691215,90
975,10,54153739,90
976,6,52386972,90
977,4,51600068,91
978,13,13716336,91
979,8,52805393,91
980,7,54666015,91
981,10,54149136,91
982,9,53815309,91
983,5,50072189,91
984,1,53696715,91
985,2,77284059,91
986,3,53135081,91
987,4,53835789,91
988,8,77568877,91
989,6,53335778,91
990,7,50081903,91
991,9,53528779,92
992,5,54283652,92
993,2,53655103,92
994,4,50944444,92
995,6,54661152,92
996,5,54305547,92
997,9,53654409,92
998,1,53291041,92
999,7,50482932,92
1000,8,54454189,92
1001,12,54607103,92
1002,2,53135062,92
1003,5,53657852,92
1004,6,53443363,92
1005,7,17302890,92
1006,8,54629668,92
1007,9,54256789,92
1008,6,53544680,92
1009,10,53640512,92
1010,6,53848197,92
1011,4,44366386,92
1012,13,50391326,93
1013,8,54607683,94
1014,7,49135609,94
1015,2,53710875,94
1016,4,54408513,94
1017,6,53043750,94
1018,5,53460310,94
1019,9,15710829,95
1020,1,53297852,95
1021,7,76611962,95
1022,8,53291053,95
1023,12,77278892,95
1024,2,54299079,95
1025,5,54254802,95
1026,6,54571907,97
1027,7,50726935,97
1028,8,52215798,97
1029,9,54386631,97
1030,6,54440308,97
1031,10,53699169,97
1032,6,54300643,97
1033,4,51987194,97
1034,13,53629664,97
1035,8,15227423,98
1036,7,50943026,98
1037,10,10814181,98
1038,9,52962301,99
1039,5,52799544,99
1040,1,77387470,99
1041,2,54570918,99
1042,3,53655655,99
1043,4,54571910,99
1044,8,53595178,99
1045,7,14360060,100
1046,8,52608975,100
1047,12,50256426,100
1048,2,53398565,100
1049,5,54539628,100
1050,6,77386660,100
1051,7,54163670,100
1052,8,53291644,100
1053,9,54615049,100
1054,6,53489000,100
1055,10,52479280,101
1056,6,54571020,101
1057,4,53936940,101
1058,13,50496067,101
1059,8,50501628,101
1060,7,53224267,101
1061,10,53844124,102
1062,9,52733591,102
1063,5,52808695,103
1064,1,50482840,104
1065,2,54645037,105
1066,3,53295600,105
1067,4,54245392,105
1068,8,50018620,105
1069,6,15672488,106
1070,7,54627842,106
1071,9,53522680,106
1072,5,51779688,106
1073,2,54458567,106
1074,4,49180880,106
1075,6,54665853,106
1076,5,50914629,106
1077,9,53015682,106
1078,1,54194539,106
1079,8,52509899,106
1080,9,54537745,106
1081,6,53291293,106
1082,10,53542162,106
1083,6,54572269,106
1084,4,51114973,106
1085,13,52367488,106
1086,8,54662151,106
1087,7,77386578,106
1088,10,16511328,106
1089,9,51548589,107
1090,5,53026851,107
1091,1,54256079,108
1092,2,77348431,108
1093,3,77386661,108
1094,4,54301777,108
1095,8,52174460,108
1096,6,50944576,109
1097,7,53487852,109
1098,9,16967978,109
1099,5,53487939,109
1100,2,50985688,110
1101,4,52399947,110
1102,6,54591835,110
1103,5,54312239,110
1104,9,54658860,110
1105,1,53479086,110
1106,7,50943385,110
1107,8,77357296,110
1108,12,50351575,110
1109,2,53487780,110
1110,5,53629742,110
1111,6,53654440,110
1112,7,53495403,111
1113,8,54628013,111
1114,9,53678749,111
1115,6,54153799,111
1116,10,49155534,111
1117,6,54491461,111
1118,4,50395627,112
1119,13,53509551,113
1120,8,76545342,113
1121,7,53550705,113
1122,10,53432710,114
1123,9,76386034,114
1124,5,53629724,114
1125,1,54158478,114
1126,2,53657945,114
1127,3,53380549,114
1128,4,53483577,115
1129,8,77285425,115
1130,6,53629867,116
1131,7,50947454,116
1132,9,77381358,116
1133,5,54194472,116
1134,5,54212622,116
1135,1,54312167,116
1136,2,53043756,116
1137,3,53792846,116
1138,4,54491433,116
1139,8,54654774,116
1140,6,53441624,116
1141,7,50675938,116
1142,9,53483658,116
1143,5,76386067,116
1144,2,54273406,116
1145,4,53856629,116
1146,6,53215796,116
1147,5,51508379,116
1148,9,53429480,116
1149,1,50754722,117
1150,8,53346578,117
1151,9,53522580,117
1152,6,53653190,117
1153,10,77376999,117
1154,6,54491533,117
1155,4,15029411,117
1156,13,21494240,117
1157,8,50363515,117
1158,7,53657225,117
1159,10,54662731,117
1160,9,53732558,118
1161,5,53653134,118
1162,1,53291708,118
1163,2,77370326,118
1164,3,16645766,118
1165,4,54358420,119
1166,8,54575276,119
1167,6,54312369,119
1168,7,53735100,119
1169,9,15718356,119
1170,5,53815299,119
1171,2,54312738,119
1172,4,53135069,119
1173,6,54665862,119
1174,5,17039073,119
1175,9,54175610,119
1176,1,54491623,119
1177,7,49131690,120
1178,8,53676838,120
1179,12,52652169,120
1180,2,53155602,120
1181,5,50939384,120
1182,6,50943829,120
1183,7,54625308,120
1184,8,76543783,120
1185,9,54212544,120
1186,6,54570992,121
1187,10,52667024,121
1188,6,50981105,121
1189,4,54254830,121
1190,13,53291498,121
1191,8,54607589,121
1192,7,50391113,121
1193,10,54617392,121
1194,9,52724050,121
1195,5,50729263,121
1196,1,54346112,122
1197,2,13217123,122
1198,3,16534290,122
1199,4,50874787,122
1200,8,76857746,122
1201,8,54391864,122
1202,6,53271761,122
1203,7,53291554,122
1204,9,53418285,122
1205,5,53691296,122
1206,5,50947340,122
1207,1,77335008,122
1208,2,53732543,122
1209,3,54408789,122
1210,4,51586670,122
1211,8,50236145,122
1212,6,53683749,122
1213,7,53089716,122
1214,9,53376432,122
1215,5,54257905,122
1216,2,50675087,123
1217,4,15227124,123
1218,6,54564491,124
1219,5,53640453,124
1220,9,53818277,125
1221,1,54581500,125
1222,8,53291053,125
1223,9,77278892,125
1224,6,54299079,125
1225,10,54254802,125
1226,6,54571907,125
1227,4,50726935,125
1228,13,52215798,126
1229,8,54386631,126
1230,7,54440308,126
1231,10,53699169,126
1232,9,54300643,127
1233,5,51987194,127
1234,1,53482073,127
1235,2,53291681,127
1236,3,53398565,127
1237,4,54539628,127
1238,8,77386660,127
1239,7,54163670,127
1240,8,53291644,128
1241,12,54615049,128
1242,2,53489000,129
1243,5,52479280,129
1244,6,54571020,129
1245,7,53936940,129
1246,8,50496067,130
1247,9,50501628,130
1248,6,53224267,130
1249,10,53844124,130
1250,6,52733591,130
1251,4,52808695,130
1252,13,50482840,131
1253,8,54645037,131
1254,7,53295600,131
1255,10,53577055,131
1256,9,50391325,131
1257,5,53275927,131
1258,1,54538739,131
1259,2,53483675,131
1260,3,52711697,131
1261,4,54491495,131
1262,8,53550441,131
1263,6,15119860,131
1264,7,53729582,131
1265,9,54245392,131
1266,5,50018620,131
1267,2,15672488,131
1268,4,54627842,131
1269,6,53522680,131
1270,5,51779688,131
1271,9,54194539,131
1272,1,52509899,131
1273,8,54537745,131
1274,9,53291293,131
1275,6,53542162,131
1276,10,54572269,131
1277,6,51114973,131
1278,4,52367488,131
1279,13,54662151,131
1280,8,77386578,131
1281,7,16511328,131
1282,10,51548589,131
1283,9,53026851,131
1284,5,54256079,131
1285,1,77348431,131
1286,2,77386661,131
1287,3,54301777,131
1288,4,15425537,131
1289,8,50944576,131
1290,6,53487852,131
1291,7,16967978,131
1292,9,53487939,131
1293,5,50985688,131
1294,2,52399947,131
1295,4,54591835,131
1296,6,54312239,131
1297,5,54658860,131
1298,9,53479086,131
1299,1,50943385,131
1300,7,77357296,131
1301,8,50351575,131
1302,12,53487780,131
1303,2,53629742,131
1304,5,53654440,131
1305,6,53765643,131
1306,7,53678749,131
1307,8,54153799,131
1308,9,49155534,131
1309,6,54491461,131
1310,10,50395627,131
1311,6,53509551,131
1312,4,76545342,131
1313,13,53550705,131
1314,8,53432710,131
1315,7,76386034,131
1316,10,53629724,131
1317,9,54158478,131
1318,5,53657945,131
1319,1,53380549,131
1320,2,53483577,131
1321,3,77285425,131
1322,4,53629867,131
1323,8,54614663,131
1324,6,17302894,131
1325,7,53563997,131
1326,9,50947454,131
1327,5,77381358,131
1328,5,54194472,131
1329,1,54212622,131
1330,2,54312167,131
1331,3,53043756,131
1332,4,53792846,131
1333,8,54491433,131
1334,6,54654774,131
1335,7,53441624,131
1336,9,50675938,131
1337,5,53483658,131
1338,2,76386067,131
1339,4,54273406,131
1340,6,53856629,131
1341,5,53215796,131
1342,9,51508379,131
1343,1,50754722,131
1344,8,53346578,131
1345,9,53522580,131
1346,6,53653190,131
1347,10,77376999,131
1348,6,54491533,131
1349,4,15029411,131
1350,13,21494240,131
1351,8,50363515,131
1352,7,53657225,131
1353,10,54662731,131
1354,9,53732558,131
1355,5,53653134,131
1356,1,53291708,131
1357,2,77370326,131
1358,3,16645766,131
1359,4,54358420,131
1360,8,54575276,131
1361,6,54312369,131
1362,7,77288478,131
1363,9,50746029,131
1364,5,53441562,131
1365,2,50860914,131
1366,4,53688694,131
1367,6,76790386,131
1368,5,53295499,131
1369,9,54662713,131
1370,1,51719463,131
1371,7,53735100,131
1372,8,15718356,131
1373,12,53815299,131
1374,2,54312738,131
1375,5,53135069,131
1376,6,54665862,131
1377,7,17039073,131
1378,8,54175610,131
1379,9,54491623,131
1380,6,49131690,131
1381,10,53676838,131
1382,6,52652169,131
1383,4,53155602,131
1384,13,53443548,131
1385,8,53833955,131
1386,7,49172743,131
1387,10,17303256,131
1388,9,53291595,131
1389,5,53664818,131
1390,1,53484205,131
1391,2,53658135,131
1392,3,53522581,131
1393,4,54378447,131
1394,8,53654465,131
1395,7,50939384,131
1396,8,50943829,131
1397,12,54625308,131
1398,2,76543783,131
1399,5,54212544,132
1400,6,54570992,132
1401,7,53839760,132
1402,8,52466592,132
1403,9,50913348,132
1404,6,54491599,132
1405,10,14579528,132
1406,6,54607589,132
1407,4,50391113,132
1408,13,54617392,132
1409,8,52724050,132
1410,7,50729263,132
1411,10,54346112,132
1412,9,13217123,132
1413,5,77335008,132
1414,1,53732543,132
1415,2,54408789,133
1416,3,51586670,133
1417,4,50236145,134
1418,8,53683749,134
1419,6,53089716,134
1420,7,53376432,134
1421,9,54257905,134
1422,5,50675087,134
1423,2,15227124,134
1424,4,54564491,134
1425,6,53640453,134
1426,5,53818277,134
1427,9,54581500,134
1428,1,53792356,134
1429,8,53479948,134
1430,9,17302889,134
1431,6,53639194,134
1432,10,77335008,134
1433,6,53732543,134
1434,4,54408789,134
1435,13,51586670,134
1436,8,50236145,134
1437,7,53683749,134
1438,10,53089716,135
1439,9,53376432,135
1440,5,54257905,136
1441,1,50675087,136
1442,2,15227124,136
1443,3,54564491,136
1444,4,53640453,136
1445,8,53818277,136
1446,6,54581500,136
1447,7,53792356,136
1448,9,53479948,136
1449,5,17302889,137
1450,2,53639194,137
1451,4,50754722,137
1452,6,53346578,137
1453,5,53522580,137
1454,9,53653190,137
1455,1,77376999,137
1456,7,54491533,137
1457,8,15029411,137
1458,12,21494240,138
1459,2,50363515,138
1460,5,53657225,138
1461,6,54662731,138
1462,7,53732558,138
1463,8,53653134,138
1464,9,53291708,138
1465,6,77370326,138
1466,10,16645766,138
1467,6,54358420,138
1468,4,54575276,138
1469,13,54312369,138
1470,8,77288478,138
1471,7,50746029,138
1472,10,53563997,139
1473,9,50947454,139
1474,5,77381358,140
1475,1,54194472,141
1476,2,54212622,141
1477,3,54312167,142
1478,4,53043756,142
1479,8,53792846,142
1480,6,54491433,142
1481,7,54654774,142
1482,9,53441624,142
1483,5,50675938,142
1484,5,53483658,143
1485,1,76386067,143
1486,2,54273406,143
1487,3,54194539,143
1488,4,52509899,143
1489,8,54537745,143
1490,6,53291293,144
1491,7,53542162,144
1492,9,54572269,144
1493,5,51114973,144
1494,2,52367488,144
1495,4,54662151,144
1496,6,77386578,145
1497,5,16511328,145
1498,9,51548589,146
1499,1,53026851,146
1500,8,54256079,146
1501,9,77348431,146
1502,6,77386661,146
1503,10,54301777,146
1504,6,53398565,146
1505,4,54539628,146
1506,13,77386660,146
1507,8,54163670,146
1508,7,53291644,146
1509,10,54615049,146
1510,9,53489000,147
1511,5,52479280,147
1512,1,54571020,147
1513,2,53936940,147
1514,3,50496067,147
1515,4,50501628,147
1516,8,53224267,147
1517,6,53844124,148
1518,7,52733591,148
1519,9,52808695,149
1520,5,50482840,149
1521,2,54645037,150
1522,4,53577055,150
1523,6,50391325,150
1524,5,53275927,150
1525,9,54538739,150
1526,1,53483675,150
1527,7,52711697,150
1528,8,54491495,150
1529,12,53550441,150
1530,2,15119860,150
1531,5,53729582,150
1532,6,54245392,150
1533,7,50018620,150
1534,8,15672488,151
1535,9,54627842,151
1536,6,53522680,151
1537,10,51779688,152
1538,6,54458567,152
1539,4,49180880,152
1540,13,54665853,152
1541,8,50914629,152
1542,7,54299158,152
1543,10,54229086,152
1544,9,50301270,152
1545,5,54607092,152
1546,1,53657851,152
1547,2,77295340,152
1548,3,54663538,152
1549,4,50943396,152
1550,8,15672491,152
1551,8,50358839,153
1552,6,54516230,153
1553,7,53481989,154
1554,9,50448231,154
1555,5,53678078,154
1556,5,50402012,154
1557,1,50385485,155
1558,2,49167709,156
1559,3,53619472,156
1560,4,53678124,156
1561,8,54528416,156
1562,6,53550349,156
1563,7,53833955,156
1564,9,49172743,156
1565,5,17303256,156
1566,2,53291595,156
1567,4,53664818,156
1568,6,53484205,156
1569,5,53658135,156
1570,9,53522581,156
1571,1,54378447,156
1572,8,53654465,157
1573,9,50939384,157
1574,6,50943829,157
1575,10,54625308,157
1576,6,76543783,157
1577,4,54212544,157
1578,13,54570992,158
1579,8,52667024,159
1580,7,50981105,160
1581,10,54254830,161
1582,9,53291498,161
1583,5,54581196,161
1584,1,53765643,161
1585,2,53678749,161
1586,3,54153799,161
1587,4,49155534,161
1588,8,54491461,161
1589,6,50395627,161
1590,7,53509551,161
1591,9,76545342,161
1592,5,53550705,161
1593,2,53432710,161
1594,4,76386034,161
1595,6,53629724,161
1596,5,54158478,161
1597,9,53657945,161
1598,1,53380549,161
1599,7,53483577,161
1600,8,77285425,161
1601,12,53629867,161
1602,2,54614663,162
1603,5,17302894,162
1604,6,52478989,162
1605,7,50591554,162
1606,8,53729590,162
1607,9,54645044,162
1608,6,51062069,162
1609,10,53297817,162
1610,6,53529832,162
1611,4,54214648,162
1612,13,50918687,163
1613,8,50807783,163
1614,7,16968018,163
1615,7,54283665,163
1616,8,54376747,163
1617,12,50493022,163
1618,2,53290703,163
1619,5,54440054,163
1620,6,50980467,163
1621,7,54615054,163
1622,8,77283122,163
1623,9,54660183,163
1624,6,77367910,163
1625,10,53290576,163
1626,6,49167007,163
1627,4,53479511,163
1628,13,50757273,163
1629,8,50362431,163
1630,7,50078159,163
1631,10,52302062,163
1632,9,53358919,163
1633,5,77286317,163
1634,1,14604480,163
1635,2,53267193,164
1636,3,53290697,164
1637,4,54571905,164
1638,8,53096744,164
1639,6,54139286,165
1640,7,14500213,165
1641,9,53639625,165
1642,5,51184426,165
1643,2,14550115,166
1644,4,77386654,166
1645,6,53291575,166
1646,5,53295568,166
1647,9,53717178,166
1648,1,54299138,166
1649,8,77284059,166
1650,9,53135081,166
1651,6,53835789,167
1652,10,77568877,167
1653,6,53335778,167
1654,4,50081903,167
1655,13,53528779,168
1656,8,54283652,168
1657,7,53655103,168
1658,10,50944444,168
1659,9,54661152,168
1660,5,54305547,169
1661,1,50754722,170
1662,2,53346578,171
1663,3,53522580,171
1664,4,53653190,171
1665,8,77376999,171
1666,6,54491533,171
1667,7,15029411,171
1668,9,21494240,171
1669,5,50363515,172
1670,2,53657225,172
1671,4,54662731,172
1672,6,53732558,172
1673,5,53653134,172
1674,9,53291708,172
1675,1,77370326,172
1676,7,16645766,172
1677,8,54358420,172
1678,12,54575276,172
1679,2,54312369,172
1680,5,77288478,172
1681,6,53678749,173
1682,7,53563997,173
1683,8,50947454,173
1684,9,77381358,173
1685,6,54194472,173
1686,10,54212622,173
1687,6,54312167,173
1688,4,53043756,173
1689,13,53792846,174
1690,8,54491433,175
1691,7,54654774,175
1692,10,53441624,175
1693,9,50675938,175
1694,5,53483658,175
1695,1,76386067,175
1696,2,54273406,175
1697,3,53856629,176
1698,4,53215796,176
1699,8,51508379,176
1700,6,53429480,176
1701,7,50940316,176
1702,9,53765643,176
1703,5,53678749,176
1704,5,54153799,176
1705,1,49155534,176
1706,2,54491461,176
1707,3,50395627,176
1708,4,53509551,176
1709,8,76545342,176
1710,6,53550705,176
1711,7,53432710,176
1712,9,76386034,176
1713,5,53629724,176
1714,2,54158478,176
1715,4,53657945,176
1716,6,53380549,176
1717,5,53483577,176
1718,9,77285425,176
1719,1,53629867,176
1720,8,54614663,176
1721,9,17302894,177
1722,6,52478989,177
1723,10,15425537,177
1724,6,50944576,177
1725,4,53487852,177
1726,13,16967978,177
1727,8,53487939,177
1728,7,50985688,177
1729,10,52399947,177
1730,9,54591835,177
1731,5,54312239,177
1732,1,54658860,177
1733,2,53479086,177
1734,3,50943385,177
1735,4,77357296,177
1736,8,50351575,178
1737,6,53487780,178
1738,7,53629742,178
1739,9,53654440,178
1740,5,53495403,178
1741,2,54628013,178
1742,4,18808855,178
1743,6,54194539,178
1744,5,52509899,178
1745,9,54537745,178
1746,1,53291293,178
1747,7,53542162,178
1748,8,54572269,178
1749,12,51114973,178
1750,2,52367488,178
1751,5,54662151,178
1752,6,77386578,178
1753,7,16511328,178
1754,8,51548589,178
1755,9,53026851,178
1756,6,54256079,178
1757,10,77348431,178
1758,6,77386661,178
1759,4,54301777,178
1760,13,52174460,178
1761,8,54163378,178
1762,7,53636769,178
1763,10,53702517,178
1764,9,53398565,178
1765,5,54539628,179
1766,1,77386660,179
1767,2,54163670,179
1768,3,53291644,179
1769,4,54615049,179
1770,8,53489000,179
1771,7,52479280,179
1772,8,54571020,179
1773,12,53936940,180
1774,2,50496067,180
1775,5,50501628,180
1776,6,53224267,180
1777,7,53844124,180
1778,8,52733591,180
1779,9,52808695,180
1780,6,50482840,180
1781,10,54645037,180
1782,6,53295600,180
1783,4,50066230,180
1784,13,53197636,180
1785,8,54559336,180
1786,7,53429943,180
1787,10,53566056,180
1788,9,53629664,180
1789,5,15227423,180
1790,1,50943026,180
1791,2,10814181,180
1792,3,52962301,180
1793,4,52799544,180
1794,8,77387470,180
1795,6,54570918,180
1796,7,53655655,180
1797,9,54571910,180
1798,5,53595178,180
1799,2,14360060,180
1800,4,52608975,180
1801,6,50256426,180
1802,5,54250301,181
1803,9,52357117,181
1804,1,53487857,181
1805,8,21494310,181
1806,9,53022890,181
1807,6,53484885,181
1808,10,53141281,181
1809,6,53632433,181
1810,4,51578740,181
1811,13,53273967,181
1812,8,54424368,181
1813,7,54573481,181
1814,10,54196248,182
1815,9,17324780,182
1816,5,53833955,182
1817,1,49172743,182
1818,2,17303256,182
1819,3,53291595,182
1820,4,53664818,182
1821,8,53484205,182
1822,6,53658135,182
1823,7,53522581,182
1824,9,54378447,182
1825,5,53654465,182
1826,2,50939384,182
1827,4,50943829,183
1828,6,54625308,183
1829,5,76543783,183
1830,9,54212544,184
1831,1,54570992,184
1832,7,52667024,185
1833,8,50981105,185
1834,12,54254830,185
1835,2,53291498,185
1836,5,54581196,186
1837,6,77335008,186
1838,7,53732543,186
1839,8,54408789,186
1840,9,51586670,186
1841,6,50236145,186
1842,10,53683749,186
1843,6,53089716,186
1844,4,53376432,187
1845,13,54257905,187
1846,8,50675087,187
1847,7,15227124,187
1848,10,54564491,187
1849,9,53640453,187
1850,5,53818277,188
1851,1,54581500,188
1852,2,53792356,188
1853,3,53479948,188
1854,4,17302889,189
1855,8,53639194,189
1856,6,54459098,190
1857,7,54277958,190
1858,9,77335008,190
1859,5,53732543,190
1860,5,54408789,190
1861,1,51586670,190
1862,2,50236145,190
1863,3,53683749,190
1864,4,53089716,190
1865,8,53376432,190
1866,6,54257905,190
1867,7,50675087,190
1868,9,15227124,190
1869,5,54564491,190
1870,2,53640453,190
1871,4,53818277,190
1872,6,54581500,190
1873,5,53792356,190
1874,9,53479948,190
1875,1,17302889,190
1876,8,53639194,190
1877,9,54459098,190
1878,6,54277958,191
1879,10,53441562,191
1880,6,50860914,191
1881,4,53688694,191
1882,13,76790386,191
1883,8,53295499,191
1884,7,54662713,191
1885,10,51719463,191
1886,9,53735100,191
1887,5,15718356,191
1888,1,53815299,191
1889,2,54312738,191
1890,3,53135069,191
1891,4,54665862,191
1892,8,17039073,191
1893,6,54175610,191
1894,7,54491623,191
1895,9,49131690,191
1896,5,53676838,191
1897,2,52652169,191
1898,4,53155602,191
1899,6,53443548,191
1900,5,54194539,191
1901,9,52509899,191
1902,1,54537745,191
1903,7,53291293,191
1904,8,53542162,191
1905,12,54572269,191
1906,2,51114973,191
1907,5,52367488,191
1908,6,54662151,191
1909,7,77386578,191
1910,8,16511328,191
1911,9,51548589,191
1912,6,53026851,191
1913,10,54256079,191
1914,6,77348431,191
1915,4,77386661,191
1916,13,54301777,191
1917,8,52174460,191
1918,7,54163378,191
1919,10,53636769,191
1920,9,53702517,191
1921,5,53577055,191
1922,1,50391325,191
1923,2,53275927,191
1924,3,54538739,191
1925,4,53483675,191
1926,8,52711697,191
1927,8,54491495,191
1928,6,53550441,191
1929,7,15119860,191
1930,9,53729582,191
1931,5,54245392,192
1932,5,50018620,192
1933,1,15672488,192
1934,2,54627842,192
1935,3,53522680,192
1936,4,51779688,192
1937,8,54458567,192
1938,6,49180880,192
1939,7,54665853,193
1940,9,53398565,193
1941,5,54539628,193
1942,2,77386660,193
1943,4,54163670,193
1944,6,53291644,194
1945,5,54615049,194
1946,9,53489000,195
1947,1,52479280,195
1948,8,54571020,195
1949,9,53936940,195
1950,6,50496067,196
1951,10,50501628,196
1952,6,53224267,196
1953,4,53844124,196
1954,13,52733591,196
1955,8,52808695,196
1956,7,50482840,196
1957,10,54645037,196
1958,9,53295600,196
1959,5,53936970,196
1960,1,53813462,196
1961,2,53460310,197
1962,3,15710829,197
1963,4,53297852,198
1964,8,76611962,198
1965,6,53291053,198
1966,7,77278892,199
1967,9,54299079,199
1968,5,54254802,199
1969,2,54571907,199
1970,4,50726935,199
1971,6,52215798,199
1972,5,54386631,199
1973,9,54440308,199
1974,1,53699169,199
1975,7,54300643,199
1976,8,51987194,200
1977,12,53482073,200
1978,2,53291681,200
1979,5,51548450,200
1980,6,77335008,200
1981,7,53732543,200
1982,8,54408789,200
1983,9,51586670,200
1984,6,50236145,201
1985,10,53683749,201
1986,6,53089716,201
1987,4,53376432,201
1988,13,54257905,201
1989,8,50675087,201
1990,7,15227124,201
1991,2,54564491,201
1992,4,53640453,201
1993,6,53818277,201
1994,5,54581500,201
1995,9,53792356,201
1996,1,53479948,201
1997,7,17302889,201
1998,8,53639194,201
1999,12,54459098,201
2000,2,54277958,201
2001,5,15425531,201
2002,6,54212914,201
2003,7,51239301,201
2004,8,15623408,202
2005,9,53294607,202
2006,6,77418348,202
2007,10,52651770,202
2008,6,53688365,203
2009,4,50386921,203
2010,13,54378445,203
2011,8,12430602,203
2012,7,53566035,203
2013,10,54378446,203
2014,9,53295450,203
2015,5,54358442,203
2016,1,53661022,203
2017,2,52399860,203
2018,3,77418280,203
2019,4,54243599,204
2020,8,54538395,204
2021,7,53655075,204
2022,8,15425531,204
2023,12,54212914,204
2024,2,51239301,204
2025,5,15623408,204
2026,6,53294607,205
2027,7,77418348,205
2028,8,52651770,205
2029,9,53688365,205
2030,6,50386921,205
2031,10,54378445,205
2032,6,12430602,205
2033,4,53566035,205
2034,13,54378446,205
2035,8,53295450,206
2036,7,54358442,206
2037,10,53661022,206
2038,9,52399860,206
2039,5,77418280,207
2040,1,54243599,208
2041,2,54538395,208
2042,3,53655075,209
2043,4,15425531,209
2044,8,54212914,209
2045,6,51239301,209
2046,7,15623408,210
2047,9,53294607,210
2048,5,77418348,210
2049,2,52651770,210
2050,4,53688365,210
2051,6,50386921,210
2052,5,54378445,210
2053,9,12430602,210
2054,1,53566035,210
2055,8,54378446,210
2056,9,53295450,210
2057,6,54358442,210
2058,10,53661022,210
2059,6,52399860,210
2060,4,77418280,211
2061,13,54243599,211
2062,8,54538395,211
2063,7,53655075,211
2064,10,15425531,211
2065,9,54212914,211
2066,5,51239301,211
2067,1,15623408,211
2068,2,53294607,211
2069,3,77418348,212
2070,4,52651770,212
2071,8,53688365,212
2072,6,50386921,212
2073,7,54378445,212
2074,9,12430602,212
2075,5,53566035,212
2076,2,54378446,212
2077,4,53295450,212
2078,6,54358442,212
2079,5,53661022,213
2080,9,52399860,213
2081,1,77418280,213
2082,7,54243599,213
2083,8,54538395,213
2084,12,53655075,213
2085,2,54491599,213
2086,5,14579528,213
2087,6,54607589,214
2088,7,50391113,215
2089,8,54617392,215
2090,9,52724050,215
2091,6,50729263,215
2092,10,54346112,215
2093,6,13217123,216
2094,4,16534290,216
2095,13,50874787,216
2096,8,76857746,216
2097,7,54391864,216
2098,10,53271761,217
2099,9,53291554,217
2100,5,77367910,217
2101,5,53290576,217
2102,5,49167007,217
2103,3,53479511,217
2104,4,50757273,217
2105,8,50362431,217
2106,6,50078159,217
2107,7,52302062,218
2108,9,53358919,218
2109,5,77286317,218
2110,5,14604480,218
2111,1,53267193,218
2112,2,53290697,218
2113,3,54571905,218
2114,4,53096744,218
2115,8,54139286,218
2116,6,14500213,218
2117,7,53639625,218
2118,9,51184426,218
2119,5,14550115,218
2120,2,77367910,218
2121,4,53290576,218
2122,6,49167007,218
2123,5,53479511,218
2124,9,50757273,218
2125,1,50362431,218
2126,8,50078159,218
2127,9,52302062,218
2128,6,53358919,218
2129,10,77286317,218
2130,6,14604480,218
2131,4,53267193,219
2132,13,53290697,219
2133,8,54571905,219
2134,7,53096744,219
2135,10,54139286,219
2136,9,14500213,219
2137,5,53639625,219
2138,1,51184426,220
2139,2,14550115,220
2140,3,77335008,220
2141,4,53732543,220
2142,8,54408789,220
2143,6,51586670,220
2144,7,50236145,220
2145,9,53683749,220
2146,5,15227124,220
2147,2,54564491,220
2148,4,77367910,221
2149,6,53290576,221
2150,5,49167007,221
2151,9,53479511,222
2152,1,50757273,222
2153,7,50362431,223
2154,8,50078159,223
2155,12,52302062,223
2156,2,53358919,223
2157,5,77286317,223
2158,6,14604480,223
2159,7,53267193,223
2160,8,53290697,224
2161,9,54571905,224
2162,6,53096744,224
2163,10,54139286,224
2164,6,14500213,225
2165,4,53639625,225
2166,13,51184426,226
2167,8,14550115,226
2168,7,53485440,226
2169,10,53936801,226
2170,9,54274556,226
2171,5,53347060,226
2172,1,53669329,226
2173,2,54293902,226
2174,3,54244089,226
2175,4,53732606,227
2176,8,77273093,227
2177,8,54662623,227
2178,6,50081784,227
2179,7,53541111,227
2180,9,54153814,228
2181,5,54183346,228
2182,5,54569197,228
2183,1,54224542,228
2184,2,54573896,228
2185,3,77521900,228
2186,4,53653380,228
2187,8,50808161,228
2188,6,53487849,228
2189,7,53485440,228
2190,9,53936801,228
2191,5,54274556,228
2192,2,53347060,229
2193,4,53669329,229
2194,6,54293902,229
2195,5,54244089,229
2196,9,53732606,229
2197,1,77273093,229
2198,8,54662623,229
2199,9,50081784,229
2200,6,53541111,229
2201,10,54153814,229
2202,6,54183346,229
2203,4,54569197,229
2204,13,54224542,229
2205,8,54573896,229
2206,7,77521900,229
2207,10,53653380,229
2208,9,50808161,229
2209,5,53487849,229
2210,1,53485440,229
2211,2,53936801,229
2212,3,54274556,229
2213,4,53347060,229
2214,8,53669329,229
2215,6,54293902,229
2216,7,54244089,229
2217,9,53732606,229
2218,5,77273093,229
2219,2,54662623,229
2220,4,50081784,229
2221,6,53541111,229
2222,5,54153814,230
2223,9,54183346,230
2224,1,54569197,230
2225,7,54224542,230
2226,8,54573896,230
2227,12,77521900,230
2228,2,53653380,230
2229,5,50808161,230
2230,6,53487849,230
2231,7,53839769,230
2232,8,53239667,230
2233,9,53936949,230
2234,6,54651509,230
2235,10,54570041,230
2236,6,10442700,230
2237,4,50387242,230
2238,13,54564499,230
2239,7,50068784,231
2240,8,53185198,231
2241,12,50423956,231
2242,2,50940473,231
2243,5,14100765,231
2244,6,15329842,231
2245,7,52800270,231
2246,8,53659394,231
2247,9,54155787,231
2248,6,49167007,231
2249,10,53479511,231
2250,6,50757273,231
2251,4,50362431,231
2252,13,50078159,231
2253,8,52302062,231
2254,7,53358919,231
2255,10,53839769,231
2256,9,53239667,232
2257,5,53936949,232
2258,1,54651509,232
2259,2,54570041,232
2260,3,10442700,232
2261,4,50387242,232
2262,8,54564499,232
2263,6,50068784,232
2264,7,53185198,232
2265,9,50423956,232
2266,5,50940473,232
2267,2,14100765,232
2268,4,15329842,232
2269,6,52800270,232
2270,5,53659394,233
2271,9,54155787,233
2272,1,53839769,233
2273,8,53239667,233
2274,9,53936949,233
2275,6,54651509,233
2276,10,54570041,233
2277,6,10442700,233
2278,4,50387242,234
2279,13,54564499,234
2280,8,50068784,234
2281,7,53185198,234
2282,10,50423956,234
2283,9,50940473,234
2284,5,14100765,234
2285,1,15329842,234
2286,2,52800270,234
2287,3,53659394,234
2288,4,54155787,234
2289,8,49167007,235
2290,6,53479511,235
2291,7,50757273,235
2292,9,50362431,235
2293,5,50078159,236
2294,2,52302062,236
2295,4,53358919,236
2296,6,53487847,236
2297,5,16968016,236
2298,9,50390569,236
2299,1,50722291,236
2300,7,52752097,236
2301,8,53657919,236
2302,12,17302497,236
2303,2,54535948,236
2304,5,54581548,236
2305,6,54299168,236
2306,7,52179737,236
2307,8,54283736,236
2308,9,54408771,236
2309,6,54221619,236
2310,10,53699451,236
2311,6,54665864,236
2312,4,51472297,236
2313,13,53376419,237
2314,8,54440039,237
2315,7,50727054,237
2316,10,53623488,237
2317,9,53487847,237
2318,5,16968016,237
2319,1,50390569,237
2320,2,50722291,237
2321,3,52752097,237
2322,4,53657919,237
2323,8,17302497,237
2324,6,54535948,238
2325,7,54581548,238
2326,9,54299168,238
2327,5,52179737,238
2328,5,54283736,238
2329,1,54408771,238
2330,2,54221619,238
2331,3,53699451,238
2332,4,54665864,239
2333,8,51472297,239
2334,6,53376419,239
2335,7,54440039,239
2336,9,50727054,239
2337,5,53623488,239
2338,2,53487847,239
2339,4,16968016,239
2340,6,50390569,239
2341,5,50722291,239
2342,9,52752097,239
2343,1,53657919,239
2344,8,17302497,240
2345,9,54535948,240
2346,6,54581548,240
2347,10,54299168,240
2348,6,52179737,240
2349,4,54283736,240
2350,13,54408771,240
2351,8,54221619,240
2352,7,53699451,240
2353,10,54665864,240
2354,9,51472297,240
2355,5,53376419,240
2356,1,54440039,240
2357,2,50727054,240
2358,3,53623488,240
2359,4,50638754,240
2360,8,53729590,240
2361,6,54645044,240
2362,7,51062069,240
2363,9,53297817,240
2364,5,53529832,240
2365,2,54214648,240
2366,4,50918687,240
2367,6,50807783,240
2368,5,16968018,240
2369,9,54283665,241
2370,1,54346248,241
2371,7,54278289,241
2372,8,50395530,241
2373,12,50918566,241
2374,2,50942582,241
2375,5,53275750,241
2376,6,54378424,241
2377,7,54436939,241
2378,8,50585494,241
2379,9,54452593,241
2380,6,53861130,241
2381,10,52800737,241
2382,6,53595062,241
2383,4,77287413,241
2384,13,50373674,241
2385,8,54174961,241
2386,7,53398565,241
2387,10,54539628,242
2388,9,77386660,242
2389,5,54163670,242
2390,1,53291644,242
2391,2,54615049,242
2392,3,53489000,242
2393,4,52479280,242
2394,8,54571020,242
2395,7,53936940,243
2396,8,50496067,243
2397,12,50501628,243
2398,2,53224267,244
2399,5,53844124,244
2400,6,52733591,245
2401,7,52808695,245
2402,8,50482840,245
2403,9,54645037,245
2404,6,53295600,245
2405,10,50066230,245
2406,6,54299158,245
2407,4,54229086,245
2408,13,50301270,245
2409,8,54607092,245
2410,7,53657851,245
2411,10,77295340,245
2412,9,54663538,245
2413,5,50943396,245
2414,1,15672491,245
2415,2,50358839,245
2416,3,54516230,245
2417,4,53481989,245
2418,8,50448231,245
2419,6,53678078,245
2420,7,50402012,245
2421,9,50385485,245
2422,5,49167709,245
2423,2,53619472,245
2424,4,53678124,245
2425,6,52752097,245
2426,5,53657919,245
2427,9,17302497,245
2428,1,54535948,246
2429,8,54581548,246
2430,9,54299168,246
2431,6,52179737,246
2432,10,54283736,246
2433,6,54408771,246
2434,4,54221619,246
2435,13,53699451,247
2436,8,54665864,247
2437,7,51472297,247
2438,10,53376419,247
2439,9,54440039,247
2440,5,50727054,247
2441,1,53623488,247
2442,2,53290576,247
2443,3,49167007,247
2444,4,54299158,247
2445,8,54229086,247
2446,6,50301270,247
2447,7,54607092,247
2448,9,53657851,247
2449,5,77295340,247
2450,2,54663538,247
2451,4,50943396,247
2452,6,15672491,247
2453,5,50358839,247
2454,9,54516230,247
2455,1,53481989,247
2456,7,50448231,247
2457,8,53678078,247
2458,12,50402012,247
2459,2,50385485,247
2460,5,49167709,248
2461,6,53619472,248
2462,7,53678124,248
2463,8,54645170,248
2464,9,53479345,248
2465,6,15710819,248
2466,10,53089771,248
2467,6,54607134,248
2468,4,53612167,248
2469,13,76833101,248
2470,8,77386659,248
2471,7,50033291,248
2472,10,53522582,248
2473,9,53491544,248
2474,5,50939643,248
2475,1,53441271,248
2476,2,54645170,248
2477,3,53479345,249
2478,4,15710819,249
2479,8,53089771,250
2480,6,54607134,250
2481,7,53612167,250
2482,9,76833101,250
2483,5,77386659,250
2484,5,50033291,251
2485,1,53522582,251
2486,2,53491544,251
2487,3,50939643,251
2488,4,53441271,251
2489,8,50947296,251
2490,6,50988411,251
2491,7,17341366,251
2492,9,54617413,251
2493,5,53517049,251
2494,2,54346206,251
2495,4,53219153,251
2496,6,14518589,251
2497,5,51578626,251
2498,9,53639309,252
2499,1,50053098,252
2500,8,15672492,252
2501,9,53815331,252
2502,6,53710881,252
2503,10,76791903,252
2504,6,53522582,252
2505,4,53491544,252
2506,13,50939643,253
2507,8,53441271,253
2508,7,51062069,253
2509,10,53297817,253
2510,9,53529832,253
2511,5,54214648,253
2512,1,50918687,254
2513,2,50807783,254
2514,3,16968018,254
2515,4,54283665,254
2516,8,54376747,254
2517,6,50493022,254
2518,7,50947296,254
2519,9,50988411,255
2520,5,17341366,255
2521,2,54617413,255
2522,4,53517049,255
2523,6,54346206,255
2524,5,53219153,255
2525,9,14518589,255
2526,1,51578626,255
2527,7,53639309,255
2528,8,50053098,255
2529,12,15672492,255
2530,2,53815331,255
2531,5,53710881,255
2532,6,76791903,255
2533,7,53522582,255
2534,8,53491544,255
2535,9,50939643,256
2536,6,53441271,256
2537,10,51062069,256
2538,6,53297817,256
2539,4,53529832,256
2540,13,54214648,256
2541,8,50918687,256
2542,7,50807783,256
2543,10,15425537,256
2544,9,50944576,256
2545,5,53487852,256
2546,1,16967978,256
2547,2,53487939,256
2548,3,50985688,256
2549,4,52399947,256
2550,8,54591835,256
2551,8,54312239,256
2552,6,54658860,256
2553,7,53479086,256
2554,9,50943385,256
2555,5,77357296,256
2556,5,50351575,256
2557,1,53487780,256
2558,2,53629742,256
2559,3,53654440,256
2560,4,53495403,256
2561,8,54628013,256
2562,6,18808855,256
2563,7,53487931,256
2564,9,53765643,256
2565,5,53678749,256
2566,2,54153799,256
2567,4,49155534,256
2568,6,54491461,256
2569,5,50395627,256
2570,9,53509551,256
2571,1,76545342,256
2572,8,53550705,256
2573,9,53432710,256
2574,6,76386034,256
2575,10,53629724,256
2576,6,54158478,256
2577,4,53657945,256
2578,13,53380549,256
2579,8,53483577,256
2580,7,77285425,256
2581,10,53629867,256
2582,9,54614663,256
2583,5,17302894,256
2584,1,52478989,256
2585,2,49167007,256
2586,3,53479511,256
2587,4,50757273,256
2588,8,50362431,256
2589,6,50078159,256
2590,7,52302062,256
2591,9,53358919,256
2592,5,77286317,256
2593,2,14604480,256
2594,4,53267193,256
2595,6,53290697,256
2596,5,54571905,256
2597,9,53096744,257
2598,1,54139286,257
2599,7,14500213,257
2600,8,53639625,257
2601,12,51184426,257
2602,2,17302745,257
2603,5,15710822,257
2604,6,51343007,257
2605,7,54561618,257
2606,8,26390770,257
2607,9,54572276,257
2608,6,50363253,257
2609,10,50358873,257
2610,6,54645170,257
2611,4,53479345,257
2612,13,15710819,257
2613,8,53089771,257
2614,7,54607134,257
2615,7,53612167,258
2616,8,76833101,258
2617,12,53487939,258
2618,2,50985688,259
2619,5,52399947,259
2620,6,54591835,259
2621,7,54312239,260
2622,8,54658860,260
2623,9,53479086,260
2624,6,50943385,260
2625,10,77357296,260
2626,6,50351575,261
2627,4,53487780,261
2628,13,53629742,261
2629,8,53654440,261
2630,7,53495403,261
2631,10,54628013,261
2632,9,18808855,261
2633,5,53487931,261
2634,1,17302745,261
2635,2,15710822,261
2636,3,51343007,261
2637,4,54561618,261
2638,9,26390770,261
2639,6,54572276,261
2640,7,50363253,261
2641,9,50358873,261
2642,5,54645170,261
2643,2,53479345,261
2644,4,15710819,261
2645,6,53089771,261
2646,5,54607134,261
2647,9,53612167,261
2648,1,76833101,261
2649,8,52655726,262
2650,9,53675393,262
2651,6,54607165,262
2652,10,54399660,262
2653,6,77370360,263
2654,4,50381782,263
2655,13,53409662,263
2656,8,54299180,263
2657,7,53271963,263
2658,10,49131552,263
2659,9,53471453,263
2660,5,18808855,263
2661,1,53487931,263
2662,2,17302745,263
2663,3,15710822,264
2664,4,51343007,264
2665,8,54561618,264
2666,6,26390770,264
2667,7,54572276,264
2668,9,50363253,264
2669,5,50358873,265
2670,2,53675393,265
2671,4,54607165,265
2672,6,54399660,265
2673,5,77370360,265
2674,9,50381782,265
2675,1,53409662,265
2676,7,54299180,265
2677,8,53271963,265
2678,12,49131552,265
2679,2,721919,265
2680,5,53563997,265
2681,6,50947454,266
2682,7,77381358,266
2683,8,54194472,267
2684,9,54212622,267
2685,6,54312167,267
2686,10,53675393,267
2687,6,54607165,267
2688,4,54399660,268
2689,13,77370360,268
2690,8,50381782,268
2691,7,53409662,268
2692,10,54299180,268
2693,9,53271963,268
2694,5,49131552,268
2695,1,53471453,268
2696,2,54645044,268
2697,3,51062069,268
2698,4,53297817,268
2699,8,53529832,269
2700,6,54214648,269
2701,7,50918687,269
2702,9,50807783,270
2703,5,16968018,271
2704,5,54283665,271
2705,1,53675393,271
2706,2,54607165,271
2707,3,54399660,271
2708,4,77370360,272
2709,8,50381782,272
2710,6,53409662,272
2711,7,54299180,272
2712,9,53271963,272
2713,5,49131552,272
2714,2,53471453,272
2715,4,15425531,272
2716,6,54212914,272
2717,5,51239301,272
2718,9,15623408,273
2719,1,53294607,273
2720,8,77418348,273
2721,9,52651770,274
2722,6,53688365,274
2723,10,50386921,274
2724,6,54378445,275
2725,4,12430602,275
2726,13,53566035,275
2727,8,54378446,275
2728,7,53295450,275
2729,10,54358442,276
2730,9,53661022,276
2731,5,52399860,276
2732,1,77418280,276
2733,2,54243599,276
2734,3,15425531,276
2735,4,54212914,276
2736,8,51239301,277
2737,6,15623408,277
2738,7,53294607,277
2739,9,77418348,277
2740,5,52651770,277
2741,2,53688365,277
2742,4,50386921,277
2743,6,54378445,277
2744,5,12430602,277
2745,9,53566035,278
2746,1,54378446,278
2747,7,53295450,278
2748,8,54358442,278
2749,12,53661022,278
2750,2,52399860,278
2751,5,77418280,278
2752,6,54243599,278
2753,7,53675898,278
2754,8,54458572,278
2755,9,52614635,278
2756,6,52609273,278
2757,10,53475922,278
2758,6,50752311,278
2759,4,10814183,278
2760,13,53496692,278
2761,8,77568915,278
2762,7,76791322,278
2763,10,16455334,278
2764,9,53487762,278
2765,5,54293472,278
2766,1,54206990,278
2767,2,54156089,278
2768,3,77381216,278
2769,4,10189701,278
2770,8,54405809,278
2771,7,53487847,278
2772,8,16968016,278
2773,12,50390569,278
2774,2,50722291,279
2775,5,52752097,279
2776,6,53657919,279
2777,7,17302497,279
2778,8,54535948,279
2779,9,54581548,279
2780,6,54299168,279
2781,10,52179737,279
2782,6,54283736,279
2783,4,54408771,279
2784,13,54221619,279
2785,8,53699451,280
2786,7,54665864,280
2787,10,51472297,280
2788,9,54198125,280
2789,5,54145378,280
2790,1,53657801,280
2791,2,53839769,280
2792,3,53239667,280
2793,4,53936949,280
2794,8,54651509,280
2795,6,54570041,280
2796,7,10442700,280
2797,9,50387242,280
2798,5,54564499,280
2799,2,50068784,280
2800,4,53185198,280
2801,6,50423956,280
2802,5,50940473,280
2803,9,14100765,280
2804,1,15329842,280
2805,8,52800270,280
2806,9,53659394,280
2807,6,54155787,280
2808,10,76642852,280
2809,6,54251690,280
2810,4,54663687,280
2811,13,53352698,280
2812,8,53409712,280
2813,7,53713257,280
2814,10,10728561,280
2815,9,54440321,280
2816,5,53936957,280
2817,1,52431682,280
2818,2,53691371,280
2819,3,54283103,280
2820,4,52847607,280
2821,8,51184656,280
2822,6,53579348,280
2823,7,53223315,281
2824,9,54653388,281
2825,5,53347060,281
2826,2,53669329,281
2827,4,54293902,281
2828,6,54244089,281
2829,5,53732606,281
2830,9,77273093,281
2831,1,54662623,281
2832,7,50081784,282
2833,8,53541111,282
2834,12,54153814,282
2835,2,54183346,282
2836,5,54569197,282
2837,6,54224542,282
2838,7,54573896,282
2839,8,54198125,282
2840,9,54145378,282
2841,6,53657801,282
2842,10,53839769,282
2843,6,53239667,282
2844,4,53936949,283
2845,13,54651509,283
2846,8,54570041,283
2847,7,10442700,284
2848,10,50387242,284
2849,9,54564499,285
2850,5,50068784,285
2851,1,53185198,285
2852,2,50423956,285
2853,3,50940473,285
2854,4,14100765,285
2855,8,15329842,285
2856,6,52800270,285
2857,7,53659394,286
2858,9,54155787,286
2859,5,76642852,286
2860,5,54198125,286
2861,1,54145378,286
2862,2,53657801,286
2863,3,53839769,286
2864,4,53239667,286
2865,8,53936949,286
2866,6,54651509,286
2867,7,54570041,286
2868,9,10442700,286
2869,5,50387242,286
2870,2,54564499,286
2871,4,50068784,286
2872,6,53185198,287
2873,5,50423956,287
2874,9,50940473,288
2875,1,14100765,288
2876,8,15329842,288
2877,9,52800270,288
2878,6,53659394,288
2879,10,54155787,288
2880,6,76642852,288
2881,4,53347060,289
2882,13,53669329,289
2883,8,54293902,289
2884,7,54244089,289
2885,10,53732606,290
2886,9,77273093,290
2887,5,54662623,290
2888,1,50081784,290
2889,2,53541111,290
2890,3,54153814,290
2891,4,54183346,290
2892,8,54569197,290
2893,6,54224542,290
2894,7,54573896,290
2895,9,52655726,290
2896,5,53675393,291
2897,2,54607165,291
2898,4,54399660,291
2899,6,77370360,292
2900,5,50381782,292
2901,9,53409662,292
2902,1,54299180,292
2903,7,53271963,292
2904,8,49131552,292
2905,12,53471453,292
2906,2,77273093,292
2907,5,54662623,292
2908,6,50081784,292
2909,7,53541111,292
2910,8,54153814,292
2911,9,54183346,292
2912,6,54569197,292
2913,10,54224542,293
2914,6,54573896,293
2915,4,54572269,293
2916,13,51114973,293
2917,8,52367488,293
2918,7,54662151,293
2919,10,77386578,293
2920,9,16511328,293
2921,5,51548589,293
2922,1,53026851,293
2923,2,54256079,294
2924,3,77348431,294
2925,4,77386661,294
2926,8,54301777,294
2927,8,52174460,294
2928,6,54163378,294
2929,7,53636769,294
2930,9,53702517,294
2931,5,52399947,294
2932,5,54591835,294
2933,1,54312239,294
2934,2,54658860,294
2935,3,53479086,294
2936,4,50943385,294
2937,8,77357296,294
2938,6,50351575,294
2939,7,53487780,295
2940,9,53629742,295
2941,5,53485440,295
2942,2,53936801,295
2943,4,54274556,295
2944,6,53347060,296
2945,5,53669329,296
2946,9,54293902,296
2947,1,54244089,296
2948,8,53732606,296
2949,9,77273093,297
2950,6,54662623,297
2951,10,50081784,297
2952,6,53541111,297
2953,4,54153814,297
2954,13,54183346,297
2955,8,54569197,298
2956,7,54224542,298
2957,10,53485440,298
2958,9,53936801,298
2959,5,54274556,298
2960,1,53347060,298
2961,2,53669329,298
2962,3,54293902,298
2963,4,54244089,298
2964,8,53732606,298
2965,6,77273093,298
2966,7,54662623,298
2967,9,50081784,298
2968,5,53541111,298
2969,2,54153814,298
2970,4,54183346,298
2971,6,54569197,298
2972,5,54224542,298
2973,9,15425531,298
2974,1,54212914,299
2975,7,51239301,299
2976,8,15623408,299
2977,12,53294607,299
2978,2,77418348,299
2979,5,52651770,299
2980,6,53688365,300
2981,7,50386921,300
2982,8,54378445,300
2983,9,12430602,300
2984,6,53566035,301
2985,10,54378446,301
2986,6,53295450,301
2987,4,54358442,301
2988,13,53661022,301
2989,8,52399860,301
2990,7,53577055,301
2991,2,50391325,301
2992,4,53275927,301
2993,6,54538739,301
2994,5,53483675,301
2995,9,52711697,301
2996,1,54491495,302
2997,7,53550441,302
2998,8,15119860,302
2999,12,53729582,302
3000,8,54454189,302
3001,12,54607103,302
3002,2,53135062,302
3003,5,53657852,302
3004,6,53443363,302
3005,7,17302890,303
3006,8,54629668,303
3007,9,54256789,303
3008,6,53544680,303
3009,10,53640512,303
3010,6,53848197,303
3011,4,44366386,303
3012,13,50391326,303
3013,8,54607683,304
3014,7,49135609,304
3015,2,53710875,304
3016,4,54408513,304
3017,6,53043750,304
3018,5,53460310,304
3019,9,15710829,304
3020,1,53297852,304
3021,7,76611962,304
3022,8,53291053,304
3023,12,77278892,304
3024,2,54299079,304
3025,5,54254802,304
3026,6,54571907,304
3027,7,50726935,304
3028,8,52215798,304
3029,9,54386631,304
3030,6,54440308,304
3031,10,53699169,304
3032,6,54300643,304
3033,4,51987194,304
3034,13,53629664,304
3035,8,15227423,304
3036,7,50943026,304
3037,10,10814181,304
3038,9,52962301,304
3039,5,52799544,304
3040,1,77387470,304
3041,2,54570918,304
3042,3,53655655,304
3043,4,54571910,304
3044,8,53595178,304
3045,7,14360060,304
3046,8,52608975,304
3047,12,50256426,304
3048,2,53398565,304
3049,5,54539628,304
3050,6,77386660,304
3051,7,54163670,304
3052,8,53291644,304
3053,9,54615049,304
3054,6,53489000,304
3055,10,52479280,304
3056,6,54571020,304
3057,4,53936940,304
3058,13,50496067,304
3059,8,50501628,304
3060,7,53224267,304
3061,10,53844124,304
3062,9,52733591,304
3063,5,52808695,304
3064,1,50482840,304
3065,2,54645037,305
3066,3,53295600,305
3067,4,54245392,305
3068,8,50018620,305
3069,6,15672488,305
3070,7,54627842,305
3071,9,53522680,306
3072,5,51779688,306
3073,2,54458567,306
3074,4,49180880,306
3075,6,54665853,306
3076,5,50914629,306
3077,9,53015682,306
3078,1,54194539,306
3079,8,52509899,306
3080,9,54537745,306
3081,6,53291293,306
3082,10,53542162,306
3083,6,54572269,306
3084,4,51114973,306
3085,13,52367488,306
3086,8,54662151,306
3087,7,77386578,306
3088,10,16511328,306
3089,9,51548589,307
3090,5,53026851,307
3091,1,54256079,307
3092,2,77348431,308
3093,3,77386661,308
3094,4,54301777,308
3095,8,52174460,308
3096,6,50944576,309
3097,7,53487852,309
3098,9,16967978,309
3099,5,53487939,309
3100,2,50985688,310
3101,4,52399947,310
3102,6,54591835,310
3103,5,54312239,310
3104,9,54658860,310
3105,1,53479086,310
3106,7,50943385,310
3107,8,77357296,310
3108,12,50351575,310
3109,2,53487780,310
3110,5,53629742,310
3111,6,53654440,310
3112,7,53495403,311
3113,8,54628013,311
3114,9,53678749,311
3115,6,54153799,311
3116,10,49155534,311
3117,6,54491461,311
3118,4,50395627,312
3119,13,53509551,313
3120,8,76545342,313
3121,7,53550705,313
3122,10,53432710,314
3123,9,76386034,314
3124,5,53629724,314
3125,1,54158478,314
3126,2,53657945,314
3127,3,53380549,314
3128,4,53483577,315
3129,8,77285425,315
3130,6,53629867,315
3131,7,50947454,316
3132,9,77381358,316
3133,5,54194472,316
3134,5,54212622,316
3135,1,54312167,316
3136,2,53043756,316
3137,3,53792846,316
3138,4,54491433,316
3139,8,54654774,316
3140,6,53441624,316
3141,7,50675938,316
3142,9,53483658,316
3143,5,76386067,316
3144,2,54273406,316
3145,4,53856629,316
3146,6,53215796,316
3147,5,51508379,316
3148,9,53429480,316
3149,1,50754722,317
3150,8,53346578,317
3151,9,53522580,317
3152,6,53653190,317
3153,10,77376999,317
3154,6,54491533,317
3155,4,15029411,317
3156,13,21494240,317
3157,8,50363515,317
3158,7,53657225,317
3159,10,54662731,317
3160,9,53732558,318
3161,5,53653134,318
3162,1,53291708,318
3163,2,77370326,318
3164,3,16645766,318
3165,4,54358420,319
3166,8,54575276,319
3167,6,54312369,319
3168,7,53735100,319
3169,9,15718356,319
3170,5,53815299,319
3171,2,54312738,319
3172,4,53135069,319
3173,6,54665862,319
3174,5,17039073,319
3175,9,54175610,319
3176,1,54491623,319
3177,7,49131690,320
3178,8,53676838,320
3179,12,52652169,320
3180,2,53155602,320
3181,5,50939384,320
3182,6,50943829,320
3183,7,54625308,320
3184,8,76543783,320
3185,9,54212544,320
3186,6,54570992,321
3187,10,52667024,321
3188,6,50981105,321
3189,4,54254830,321
3190,13,53291498,321
3191,8,54607589,321
3192,7,50391113,321
3193,10,54617392,321
3194,9,52724050,321
3195,5,50729263,321
3196,1,54346112,322
3197,2,13217123,322
3198,3,16534290,322
3199,4,50874787,322
3200,8,76857746,322
3201,8,54391864,322
3202,6,53271761,322
3203,7,53291554,322
3204,9,53418285,322
3205,5,53691296,322
3206,5,50947340,322
3207,1,77335008,322
3208,2,53732543,322
3209,3,54408789,322
3210,4,51586670,322
3211,8,50236145,322
3212,6,53683749,322
3213,7,53089716,322
3214,9,53376432,322
3215,5,54257905,322
3216,2,50675087,323
3217,4,15227124,323
3218,6,54564491,324
3219,5,53640453,324
3220,9,53818277,325
3221,1,54581500,325
3222,8,53291053,325
3223,9,77278892,325
3224,6,54299079,325
3225,10,54254802,325
3226,6,54571907,325
3227,4,50726935,325
3228,13,52215798,326
3229,8,54386631,326
3230,7,54440308,326
3231,10,53699169,326
3232,9,54300643,327
3233,5,51987194,327
3234,1,53482073,327
3235,2,53291681,327
3236,3,53398565,327
3237,4,54539628,327
3238,8,77386660,327
3239,7,54163670,327
3240,8,53291644,328
3241,12,54615049,328
3242,2,53489000,329
3243,5,52479280,329
3244,6,54571020,329
3245,7,53936940,329
3246,8,50496067,330
3247,9,50501628,330
3248,6,53224267,330
3249,10,53844124,330
3250,6,52733591,330
3251,4,52808695,330
3252,13,50482840,331
3253,8,54645037,331
3254,7,53295600,331
3255,10,53577055,331
3256,9,50391325,331
3257,5,53275927,331
3258,1,54538739,331
3259,2,53483675,331
3260,3,52711697,331
3261,4,54491495,331
3262,8,53550441,331
3263,6,15119860,331
3264,7,53729582,331
3265,9,54245392,331
3266,5,50018620,331
3267,2,15672488,331
3268,4,54627842,331
3269,6,53522680,331
3270,5,51779688,331
3271,9,54194539,331
3272,1,52509899,331
3273,8,54537745,331
3274,9,53291293,331
3275,6,53542162,331
3276,10,54572269,331
3277,6,51114973,331
3278,4,52367488,331
3279,13,54662151,331
3280,8,77386578,331
3281,7,16511328,331
3282,10,51548589,331
3283,9,53026851,331
3284,5,54256079,331
3285,1,77348431,331
3286,2,77386661,331
3287,3,54301777,331
3288,4,15425537,331
3289,8,50944576,331
3290,6,53487852,331
3291,7,16967978,331
3292,9,53487939,331
3293,5,50985688,331
3294,2,52399947,331
3295,4,54591835,331
3296,6,54312239,331
3297,5,54658860,331
3298,9,53479086,331
3299,1,50943385,331
3300,7,77357296,331
3301,8,50351575,331
3302,12,53487780,331
3303,2,53629742,331
3304,5,53654440,331
3305,6,53765643,331
3306,7,53678749,331
3307,8,54153799,331
3308,9,49155534,331
3309,6,54491461,331
3310,10,50395627,331
3311,6,53509551,331
3312,4,76545342,331
3313,13,53550705,331
3314,8,53432710,331
3315,7,76386034,331
3316,10,53629724,331
3317,9,54158478,331
3318,5,53657945,331
3319,1,53380549,331
3320,2,53483577,331
3321,3,77285425,331
3322,4,53629867,331
3323,8,54614663,331
3324,6,17302894,331
3325,7,53563997,331
3326,9,50947454,331
3327,5,77381358,331
3328,5,54194472,331
3329,1,54212622,331
3330,2,54312167,331
3331,3,53043756,331
3332,4,53792846,331
3333,8,54491433,331
3334,6,54654774,331
3335,7,53441624,331
3336,9,50675938,331
3337,5,53483658,331
3338,2,76386067,331
3339,4,54273406,331
3340,6,53856629,331
3341,5,53215796,331
3342,9,51508379,331
3343,1,50754722,331
3344,8,53346578,331
3345,9,53522580,331
3346,6,53653190,331
3347,10,77376999,331
3348,6,54491533,331
3349,4,15029411,331
3350,13,21494240,331
3351,8,50363515,331
3352,7,53657225,331
3353,10,54662731,331
3354,9,53732558,331
3355,5,53653134,331
3356,1,53291708,331
3357,2,77370326,331
3358,3,16645766,331
3359,4,54358420,331
3360,8,54575276,331
3361,6,54312369,331
3362,7,77288478,331
3363,9,50746029,331
3364,5,53441562,331
3365,2,50860914,331
3366,4,53688694,331
3367,6,76790386,331
3368,5,53295499,331
3369,9,54662713,331
3370,1,51719463,331
3371,7,53735100,331
3372,8,15718356,331
3373,12,53815299,331
3374,2,54312738,331
3375,5,53135069,331
3376,6,54665862,331
3377,7,17039073,331
3378,8,54175610,331
3379,9,54491623,331
3380,6,49131690,331
3381,10,53676838,331
3382,6,52652169,331
3383,4,53155602,331
3384,13,53443548,331
3385,8,53833955,331
3386,7,49172743,331
3387,10,17303256,331
3388,9,53291595,331
3389,5,53664818,331
3390,1,53484205,331
3391,2,53658135,331
3392,3,53522581,331
3393,4,54378447,331
3394,8,53654465,331
3395,7,50939384,331
3396,8,50943829,331
3397,12,54625308,331
3398,2,76543783,331
3399,5,54212544,331
3400,6,54570992,332
3401,7,53839760,332
3402,8,52466592,332
3403,9,50913348,332
3404,6,54491599,332
3405,10,14579528,332
3406,6,54607589,332
3407,4,50391113,332
3408,13,54617392,332
3409,8,52724050,332
3410,7,50729263,332
3411,10,54346112,332
3412,9,13217123,332
3413,5,77335008,332
3414,1,53732543,332
3415,2,54408789,333
3416,3,51586670,333
3417,4,50236145,334
3418,8,53683749,334
3419,6,53089716,334
3420,7,53376432,334
3421,9,54257905,334
3422,5,50675087,334
3423,2,15227124,334
3424,4,54564491,334
3425,6,53640453,334
3426,5,53818277,334
3427,9,54581500,334
3428,1,53792356,334
3429,8,53479948,334
3430,9,17302889,334
3431,6,53639194,334
3432,10,77335008,334
3433,6,53732543,334
3434,4,54408789,334
3435,13,51586670,334
3436,8,50236145,334
3437,7,53683749,334
3438,10,53089716,335
3439,9,53376432,335
3440,5,54257905,336
3441,1,50675087,336
3442,2,15227124,336
3443,3,54564491,336
3444,4,53640453,336
3445,8,53818277,336
3446,6,54581500,336
3447,7,53792356,336
3448,9,53479948,336
3449,5,17302889,337
3450,2,53639194,337
3451,4,50754722,337
3452,6,53346578,337
3453,5,53522580,337
3454,9,53653190,337
3455,1,77376999,337
3456,7,54491533,337
3457,8,15029411,337
3458,12,21494240,338
3459,2,50363515,338
3460,5,53657225,338
3461,6,54662731,338
3462,7,53732558,338
3463,8,53653134,338
3464,9,53291708,338
3465,6,77370326,338
3466,10,16645766,338
3467,6,54358420,338
3468,4,54575276,338
3469,13,54312369,338
3470,8,77288478,338
3471,7,50746029,338
3472,10,53563997,339
3473,9,50947454,339
3474,5,77381358,340
3475,1,54194472,341
3476,2,54212622,341
3477,3,54312167,342
3478,4,53043756,342
3479,8,53792846,342
3480,6,54491433,342
3481,7,54654774,342
3482,9,53441624,342
3483,5,50675938,342
3484,5,53483658,343
3485,1,76386067,343
3486,2,54273406,343
3487,3,54194539,343
3488,4,52509899,343
3489,8,54537745,343
3490,6,53291293,344
3491,7,53542162,344
3492,9,54572269,344
3493,5,51114973,344
3494,2,52367488,344
3495,4,54662151,344
3496,6,77386578,345
3497,5,16511328,345
3498,9,51548589,346
3499,1,53026851,346
3500,8,54256079,346
3501,9,77348431,346
3502,6,77386661,346
3503,10,54301777,346
3504,6,53398565,346
3505,4,54539628,346
3506,13,77386660,346
3507,8,54163670,346
3508,7,53291644,346
3509,10,54615049,346
3510,9,53489000,347
3511,5,52479280,347
3512,1,54571020,347
3513,2,53936940,347
3514,3,50496067,347
3515,4,50501628,347
3516,8,53224267,347
3517,6,53844124,348
3518,7,52733591,348
3519,9,52808695,349
3520,5,50482840,349
3521,2,54645037,350
3522,4,53577055,350
3523,6,50391325,350
3524,5,53275927,350
3525,9,54538739,350
3526,1,53483675,350
3527,7,52711697,350
3528,8,54491495,350
3529,12,53550441,350
3530,2,15119860,350
3531,5,53729582,350
3532,6,54245392,350
3533,7,50018620,350
3534,8,15672488,351
3535,9,54627842,351
3536,6,53522680,351
3537,10,51779688,352
3538,6,54458567,352
3539,4,49180880,352
3540,13,54665853,352
3541,8,50914629,352
3542,7,54299158,352
3543,10,54229086,352
3544,9,50301270,352
3545,5,54607092,352
3546,1,53657851,352
3547,2,77295340,352
3548,3,54663538,352
3549,4,50943396,352
3550,8,15672491,352
3551,8,50358839,353
3552,6,54516230,353
3553,7,53481989,354
3554,9,50448231,354
3555,5,53678078,354
3556,5,50402012,354
3557,1,50385485,355
3558,2,49167709,356
3559,3,53619472,356
3560,4,53678124,356
3561,8,54528416,356
3562,6,53550349,356
3563,7,53833955,356
3564,9,49172743,356
3565,5,17303256,356
3566,2,53291595,356
3567,4,53664818,356
3568,6,53484205,356
3569,5,53658135,356
3570,9,53522581,356
3571,1,54378447,356
3572,8,53654465,357
3573,9,50939384,357
3574,6,50943829,357
3575,10,54625308,357
3576,6,76543783,357
3577,4,54212544,357
3578,13,54570992,358
3579,8,52667024,359
3580,7,50981105,360
3581,10,54254830,361
3582,9,53291498,361
3583,5,54581196,361
3584,1,53765643,361
3585,2,53678749,361
3586,3,54153799,361
3587,4,49155534,361
3588,8,54491461,361
3589,6,50395627,361
3590,7,53509551,361
3591,9,76545342,361
3592,5,53550705,361
3593,2,53432710,361
3594,4,76386034,361
3595,6,53629724,361
3596,5,54158478,361
3597,9,53657945,361
3598,1,53380549,361
3599,7,53483577,361
3600,8,77285425,361
3601,12,53629867,361
3602,2,54614663,362
3603,5,17302894,362
3604,6,52478989,362
3605,7,50591554,362
3606,8,53729590,362
3607,9,54645044,362
3608,6,51062069,362
3609,10,53297817,362
3610,6,53529832,362
3611,4,54214648,362
3612,13,50918687,363
3613,8,50807783,363
3614,7,16968018,363
3615,7,54283665,363
3616,8,54376747,363
3617,12,50493022,363
3618,2,53290703,363
3619,5,54440054,363
3620,6,50980467,363
3621,7,54615054,363
3622,8,77283122,363
3623,9,54660183,363
3624,6,77367910,363
3625,10,53290576,363
3626,6,49167007,363
3627,4,53479511,363
3628,13,50757273,363
3629,8,50362431,363
3630,7,50078159,363
3631,10,52302062,363
3632,9,53358919,363
3633,5,77286317,363
3634,1,14604480,363
3635,2,53267193,364
3636,3,53290697,364
3637,4,54571905,364
3638,8,53096744,364
3639,6,54139286,365
3640,7,14500213,365
3641,9,53639625,365
3642,5,51184426,365
3643,2,14550115,366
3644,4,77386654,366
3645,6,53291575,366
3646,5,53295568,366
3647,9,53717178,366
3648,1,54299138,366
3649,8,77284059,366
3650,9,53135081,366
3651,6,53835789,367
3652,10,77568877,367
3653,6,53335778,367
3654,4,50081903,367
3655,13,53528779,368
3656,8,54283652,368
3657,7,53655103,368
3658,10,50944444,368
3659,9,54661152,368
3660,5,54305547,369
3661,1,50754722,370
3662,2,53346578,371
3663,3,53522580,371
3664,4,53653190,371
3665,8,77376999,371
3666,6,54491533,371
3667,7,15029411,371
3668,9,21494240,371
3669,5,50363515,372
3670,2,53657225,372
3671,4,54662731,372
3672,6,53732558,372
3673,5,53653134,372
3674,9,53291708,372
3675,1,77370326,372
3676,7,16645766,372
3677,8,54358420,372
3678,12,54575276,372
3679,2,54312369,372
3680,5,77288478,372
3681,6,53678749,373
3682,7,53563997,373
3683,8,50947454,373
3684,9,77381358,373
3685,6,54194472,373
3686,10,54212622,373
3687,6,54312167,373
3688,4,53043756,373
3689,13,53792846,374
3690,8,54491433,375
3691,7,54654774,375
3692,10,53441624,375
3693,9,50675938,375
3694,5,53483658,375
3695,1,76386067,375
3696,2,54273406,375
3697,3,53856629,376
3698,4,53215796,376
3699,8,51508379,376
3700,6,53429480,376
3701,7,50940316,376
3702,9,53765643,376
3703,5,53678749,376
3704,5,54153799,376
3705,1,49155534,376
3706,2,54491461,376
3707,3,50395627,376
3708,4,53509551,376
3709,8,76545342,376
3710,6,53550705,376
3711,7,53432710,376
3712,9,76386034,376
3713,5,53629724,376
3714,2,54158478,376
3715,4,53657945,376
3716,6,53380549,376
3717,5,53483577,376
3718,9,77285425,376
3719,1,53629867,376
3720,8,54614663,376
3721,9,17302894,377
3722,6,52478989,377
3723,10,15425537,377
3724,6,50944576,377
3725,4,53487852,377
3726,13,16967978,377
3727,8,53487939,377
3728,7,50985688,377
3729,10,52399947,377
3730,9,54591835,377
3731,5,54312239,377
3732,1,54658860,377
3733,2,53479086,377
3734,3,50943385,377
3735,4,77357296,377
3736,8,50351575,378
3737,6,53487780,378
3738,7,53629742,378
3739,9,53654440,378
3740,5,53495403,378
3741,2,54628013,378
3742,4,18808855,378
3743,6,54194539,378
3744,5,52509899,378
3745,9,54537745,378
3746,1,53291293,378
3747,7,53542162,378
3748,8,54572269,378
3749,12,51114973,378
3750,2,52367488,378
3751,5,54662151,378
3752,6,77386578,378
3753,7,16511328,378
3754,8,51548589,378
3755,9,53026851,378
3756,6,54256079,378
3757,10,77348431,378
3758,6,77386661,378
3759,4,54301777,378
3760,13,52174460,378
3761,8,54163378,378
3762,7,53636769,378
3763,10,53702517,378
3764,9,53398565,378
3765,5,54539628,379
3766,1,77386660,379
3767,2,54163670,379
3768,3,53291644,379
3769,4,54615049,379
3770,8,53489000,379
3771,7,52479280,379
3772,8,54571020,379
3773,12,53936940,380
3774,2,50496067,380
3775,5,50501628,380
3776,6,53224267,380
3777,7,53844124,380
3778,8,52733591,380
3779,9,52808695,380
3780,6,50482840,380
3781,10,54645037,380
3782,6,53295600,380
3783,4,50066230,380
3784,13,53197636,380
3785,8,54559336,380
3786,7,53429943,380
3787,10,53566056,380
3788,9,53629664,380
3789,5,15227423,380
3790,1,50943026,380
3791,2,10814181,380
3792,3,52962301,380
3793,4,52799544,380
3794,8,77387470,380
3795,6,54570918,380
3796,7,53655655,380
3797,9,54571910,380
3798,5,53595178,380
3799,2,14360060,380
3800,4,52608975,380
3801,6,50256426,380
3802,5,54250301,381
3803,9,52357117,381
3804,1,53487857,381
3805,8,21494310,381
3806,9,53022890,381
3807,6,53484885,381
3808,10,53141281,381
3809,6,53632433,381
3810,4,51578740,381
3811,13,53273967,381
3812,8,54424368,381
3813,7,54573481,381
3814,10,54196248,382
3815,9,17324780,382
3816,5,53833955,382
3817,1,49172743,382
3818,2,17303256,382
3819,3,53291595,382
3820,4,53664818,382
3821,8,53484205,382
3822,6,53658135,382
3823,7,53522581,382
3824,9,54378447,382
3825,5,53654465,382
3826,2,50939384,382
3827,4,50943829,383
3828,6,54625308,383
3829,5,76543783,383
3830,9,54212544,384
3831,1,54570992,384
3832,7,52667024,385
3833,8,50981105,385
3834,12,54254830,385
3835,2,53291498,385
3836,5,54581196,386
3837,6,77335008,386
3838,7,53732543,386
3839,8,54408789,386
3840,9,51586670,386
3841,6,50236145,386
3842,10,53683749,386
3843,6,53089716,386
3844,4,53376432,387
3845,13,54257905,387
3846,8,50675087,387
3847,7,15227124,387
3848,10,54564491,387
3849,9,53640453,387
3850,5,53818277,388
3851,1,54581500,388
3852,2,53792356,388
3853,3,53479948,388
3854,4,17302889,389
3855,8,53639194,389
3856,6,54459098,390
3857,7,54277958,390
3858,9,77335008,390
3859,5,53732543,390
3860,5,54408789,390
3861,1,51586670,390
3862,2,50236145,390
3863,3,53683749,390
3864,4,53089716,390
3865,8,53376432,390
3866,6,54257905,390
3867,7,50675087,390
3868,9,15227124,390
3869,5,54564491,390
3870,2,53640453,390
3871,4,53818277,390
3872,6,54581500,390
3873,5,53792356,390
3874,9,53479948,390
3875,1,17302889,390
3876,8,53639194,390
3877,9,54459098,390
3878,6,54277958,391
3879,10,53441562,391
3880,6,50860914,391
3881,4,53688694,391
3882,13,76790386,391
3883,8,53295499,391
3884,7,54662713,391
3885,10,51719463,391
3886,9,53735100,391
3887,5,15718356,391
3888,1,53815299,391
3889,2,54312738,391
3890,3,53135069,391
3891,4,54665862,391
3892,8,17039073,391
3893,6,54175610,391
3894,7,54491623,391
3895,9,49131690,391
3896,5,53676838,391
3897,2,52652169,391
3898,4,53155602,391
3899,6,53443548,391
3900,5,54194539,391
3901,9,52509899,391
3902,1,54537745,391
3903,7,53291293,391
3904,8,53542162,391
3905,12,54572269,391
3906,2,51114973,391
3907,5,52367488,391
3908,6,54662151,391
3909,7,77386578,391
3910,8,16511328,391
3911,9,51548589,391
3912,6,53026851,391
3913,10,54256079,391
3914,6,77348431,391
3915,4,77386661,391
3916,13,54301777,391
3917,8,52174460,391
3918,7,54163378,391
3919,10,53636769,391
3920,9,53702517,391
3921,5,53577055,391
3922,1,50391325,391
3923,2,53275927,391
3924,3,54538739,391
3925,4,53483675,391
3926,8,52711697,391
3927,8,54491495,391
3928,6,53550441,391
3929,7,15119860,391
3930,9,53729582,391
3931,5,54245392,392
3932,5,50018620,392
3933,1,15672488,392
3934,2,54627842,392
3935,3,53522680,392
3936,4,51779688,392
3937,8,54458567,392
3938,6,49180880,392
3939,7,54665853,393
3940,9,53398565,393
3941,5,54539628,393
3942,2,77386660,393
3943,4,54163670,393
3944,6,53291644,394
3945,5,54615049,394
3946,9,53489000,395
3947,1,52479280,395
3948,8,54571020,395
3949,9,53936940,395
3950,6,50496067,396
3951,10,50501628,396
3952,6,53224267,396
3953,4,53844124,396
3954,13,52733591,396
3955,8,52808695,396
3956,7,50482840,396
3957,10,54645037,396
3958,9,53295600,396
3959,5,53936970,396
3960,1,53813462,396
3961,2,53460310,397
3962,3,15710829,397
3963,4,53297852,398
3964,8,76611962,398
3965,6,53291053,398
3966,7,77278892,399
3967,9,54299079,399
3968,5,54254802,399
3969,2,54571907,399
3970,4,50726935,399
3971,6,52215798,399
3972,5,54386631,399
3973,9,54440308,399
3974,1,53699169,399
3975,7,54300643,399
3976,8,51987194,400
3977,12,53482073,400
3978,2,53291681,400
3979,5,51548450,400
3980,6,77335008,400
3981,7,53732543,400
3982,8,54408789,400
3983,9,51586670,400
3984,6,50236145,400
3985,10,53683749,401
3986,6,53089716,401
3987,4,53376432,401
3988,13,54257905,401
3989,8,50675087,401
3990,7,15227124,401
3991,2,54564491,401
3992,4,53640453,401
3993,6,53818277,401
3994,5,54581500,401
3995,9,53792356,401
3996,1,53479948,401
3997,7,17302889,401
3998,8,53639194,401
3999,12,54459098,401
4000,11,53529832,401
